﻿{
  "$schema": "https://raw.githubusercontent.com/MichaelGrafnetter/EntraAuthPolicyHound/refs/heads/main/bloodhound-opengraph.schema.json",
  "metadata": {
    "source_kind": "SCCM_Base"
  },
  "graph": {
    "nodes": [
      {"id":"PS1","kinds":["SCCM_Site"],"properties":{"rootSiteCode":"CAS","collectionSource":["LDAP-mSSMSSite","LDAP-mSSMSManagementPoint","Local-SMS_Authority","RemoteRegistry","HTTP-MPKEYINFORMATION","SMB-REMINST","SMB-SCCMContentLib$","SMB-SMSPKG$","SMB-ShareDescription","SMB-SMS_DP$","SMB-SMS_SITE"],"siteType":"Primary Site","siteCode":"PS1","siteSystemRoles":["ps1-mp.mayyhem.com: SMS Management Point@PS1","ps1-mp.mayyhem.com: SMS Component Server@PS1","ps1-db.mayyhem.com: SMS SQL Server@PS1","ps1-dp.mayyhem.com: SMS Distribution Point@PS1","ps1-pss.mayyhem.com: SMS Site Server@PS1","ps1-pss.mayyhem.com: SMS Component Server@PS1","ps1-pss.mayyhem.com: SMS Distribution Point@PS1","ps1-psv.mayyhem.com: SMS Component Server@PS1","ps1-psv.mayyhem.com: SMS Site Server@PS1","ps1-sms.mayyhem.com: SMS Component Server@PS1"],"siteGUID":"{5BBD28B5-EF88-44EB-BCC8-725ED8DA08C8}","distinguishedName":"CN=SMS-Site-PS1,CN=System Management,CN=System,DC=mayyhem,DC=com","SCCMInfra":true,"parentSiteCode":"CAS","sourceForest":"mayyhem.com"}},
      {"id":"CAS","kinds":["SCCM_Site"],"properties":{"rootSiteCode":"CAS","collectionSource":["LDAP-mSSMSSite","LDAP-mSSMSManagementPoint","RemoteRegistry","SMB-SMS_SITE","SMB-SCCMContentLib$","SMB-SMS_DP$"],"siteType":"Central Administration Site","siteCode":"CAS","siteSystemRoles":["cas-db.mayyhem.com: SMS SQL Server@CAS","cas-scp.mayyhem.com: SMS Component Server@CAS","ps1-dp.mayyhem.com: SMS Distribution Point@CAS","ps1-pss.mayyhem.com: SMS Provider@CAS","ps1-psv.mayyhem.com: SMS Provider@CAS","ps1-sms.mayyhem.com: SMS Provider@CAS","cas-pss.mayyhem.com: SMS Component Server@CAS","cas-pss.mayyhem.com: SMS Site Server@CAS","cas-pss.mayyhem.com: SMS Provider@CAS","cas-pss.mayyhem.com: SMS Distribution Point@CAS"],"siteGUID":"{E0DA05E2-9B88-4C9F-A7DB-F407350041B8}","distinguishedName":"CN=SMS-Site-CAS,CN=System Management,CN=System,DC=mayyhem,DC=com","SCCMInfra":true,"parentSiteCode":"None","sourceForest":"mayyhem.com"}},
      {"id":"S-1-5-21-3242052782-1287495003-4091326449-1118","kinds":["Computer","Base"],"properties":{"SCCMSiteSystemRoles":["SMS Management Point@PS1","SMS Component Server@PS1"],"Type":"Computer","name":"PS1-MP$","SCCMClientCertificateRequired":false,"SCCMHostsContentLibrary":false,"SamAccountName":"PS1-MP$","SCCMInfra":true,"IsDomainPrincipal":true,"objectClass":["top","person","organizationalPerson","user","computer"],"SMBSigningRequired":true,"CN":"PS1-MP","SCCMIsPXESupportEnabled":false,"Domain":"MAYYHEM.COM","DNSHostName":"ps1-mp.mayyhem.com","servicePrincipalName":["CmRcService/PS1-MP","CmRcService/ps1-mp.mayyhem.com","WSMAN/ps1-mp","WSMAN/ps1-mp.mayyhem.com","TERMSRV/PS1-MP","TERMSRV/ps1-mp.mayyhem.com","RestrictedKrbHost/PS1-MP","HOST/PS1-MP","RestrictedKrbHost/ps1-mp.mayyhem.com","HOST/ps1-mp.mayyhem.com"],"SCCMHasClientRemoteControlSPN":true,"distinguishedName":"CN=PS1-MP,OU=Servers,DC=mayyhem,DC=com","collectionSource":["LDAP-mSSMSManagementPoint","LDAP-CmRcService","Local-SMS_LookupMP","DNS","RemoteRegistry-ComponentServer","HTTP-MPKEYINFORMATION","SMB-Negotiate"],"Enabled":true}},
      {"id":"S-1-5-21-3242052782-1287495003-4091326449-1108","kinds":["Computer","Base"],"properties":{"SCCMSiteSystemRoles":["SMS SQL Server@CAS"],"Type":"Computer","name":"CAS-DB$","SCCMHostsContentLibrary":false,"samAccountName":"CAS-DB$","SCCMInfra":true,"IsDomainPrincipal":true,"objectClass":["top","person","organizationalPerson","user","computer"],"SMBSigningRequired":false,"CN":"CAS-DB","SCCMIsPXESupportEnabled":false,"domain":"MAYYHEM.COM","DNSHostName":"cas-db.mayyhem.com","collectionSource":["LDAP-CmRcService","RemoteRegistry-MultisiteComponentServers","SMB-Negotiate"],"SCCMHasClientRemoteControlSPN":true,"distinguishedName":"CN=CAS-DB,OU=Servers,DC=mayyhem,DC=com","servicePrincipalName":["CmRcService/CAS-DB","CmRcService/cas-db.mayyhem.com","WSMAN/cas-db","WSMAN/cas-db.mayyhem.com","TERMSRV/CAS-DB","TERMSRV/cas-db.mayyhem.com","RestrictedKrbHost/CAS-DB","HOST/CAS-DB","RestrictedKrbHost/cas-db.mayyhem.com","HOST/cas-db.mayyhem.com"],"Enabled":true}},
      {"id":"5a314a70-6991-4e54-86b2-0b8c88d9e320","kinds":["SCCM_ClientDevice"],"properties":{"domain":[],"collectionSource":["LDAP-CmRcService"],"ADDomainSID":"S-1-5-21-3242052782-1287495003-4091326449-1108","DNSHostName":"cas-db.mayyhem.com","CN":"CAS-DB","siteCode":"PS1","SMSID":"Not yet collected","name":"CAS-DB@PS1","distinguishedName":"CN=CAS-DB,OU=Servers,DC=mayyhem,DC=com","objectClass":["top","person","organizationalPerson","user","computer"],"samAccountName":[],"servicePrincipalName":["CmRcService/CAS-DB","CmRcService/cas-db.mayyhem.com","WSMAN/cas-db","WSMAN/cas-db.mayyhem.com","TERMSRV/CAS-DB","TERMSRV/cas-db.mayyhem.com","RestrictedKrbHost/CAS-DB","HOST/CAS-DB","RestrictedKrbHost/cas-db.mayyhem.com","HOST/cas-db.mayyhem.com"]}},
      {"id":"S-1-5-21-3242052782-1287495003-4091326449-1107","kinds":["Computer","Base"],"properties":{"SCCMSiteSystemRoles":["SMS Component Server@CAS"],"Type":"Computer","name":"CAS-SCP$","SCCMHostsContentLibrary":false,"samAccountName":"CAS-SCP$","SCCMInfra":true,"IsDomainPrincipal":true,"objectClass":["top","person","organizationalPerson","user","computer"],"SMBSigningRequired":false,"CN":"CAS-SCP","SCCMIsPXESupportEnabled":false,"domain":"MAYYHEM.COM","DNSHostName":"cas-scp.mayyhem.com","collectionSource":["LDAP-CmRcService","RemoteRegistry-ComponentServer","SMB-Negotiate","SMB-SMS_*"],"SCCMHasClientRemoteControlSPN":true,"distinguishedName":"CN=CAS-SCP,OU=Servers,DC=mayyhem,DC=com","servicePrincipalName":["CmRcService/CAS-SCP","CmRcService/cas-scp.mayyhem.com","WSMAN/cas-scp","WSMAN/cas-scp.mayyhem.com","TERMSRV/CAS-SCP","TERMSRV/cas-scp.mayyhem.com","RestrictedKrbHost/CAS-SCP","HOST/CAS-SCP","RestrictedKrbHost/cas-scp.mayyhem.com","HOST/cas-scp.mayyhem.com"],"Enabled":true}},
      {"id":"bc392ef8-3076-48d6-bc1d-c913384882eb","kinds":["SCCM_ClientDevice"],"properties":{"domain":[],"collectionSource":["LDAP-CmRcService"],"ADDomainSID":"S-1-5-21-3242052782-1287495003-4091326449-1107","DNSHostName":"cas-scp.mayyhem.com","CN":"CAS-SCP","siteCode":"PS1","SMSID":"Not yet collected","name":"CAS-SCP@PS1","distinguishedName":"CN=CAS-SCP,OU=Servers,DC=mayyhem,DC=com","objectClass":["top","person","organizationalPerson","user","computer"],"samAccountName":[],"servicePrincipalName":["CmRcService/CAS-SCP","CmRcService/cas-scp.mayyhem.com","WSMAN/cas-scp","WSMAN/cas-scp.mayyhem.com","TERMSRV/CAS-SCP","TERMSRV/cas-scp.mayyhem.com","RestrictedKrbHost/CAS-SCP","HOST/CAS-SCP","RestrictedKrbHost/cas-scp.mayyhem.com","HOST/cas-scp.mayyhem.com"]}},
      {"id":"S-1-5-21-3242052782-1287495003-4091326449-1114","kinds":["Computer","Base"],"properties":{"domain":[],"collectionSource":["LDAP-CmRcService"],"SCCMHasClientRemoteControlSPN":true,"CN":"HI2-PSS","DNSHostName":"hi2-pss.mayyhem.com","name":"HI2-PSS","distinguishedName":"CN=HI2-PSS,OU=Servers,DC=mayyhem,DC=com","objectClass":["top","person","organizationalPerson","user","computer"],"samAccountName":[],"servicePrincipalName":["CmRcService/HI2-PSS","CmRcService/hi2-pss.mayyhem.com","WSMAN/hi2-pss","WSMAN/hi2-pss.mayyhem.com","TERMSRV/HI2-PSS","TERMSRV/hi2-pss.mayyhem.com","RestrictedKrbHost/HI2-PSS","HOST/HI2-PSS","RestrictedKrbHost/hi2-pss.mayyhem.com","HOST/hi2-pss.mayyhem.com"]}},
      {"id":"5f35da92-ea02-4ab9-b89f-2aff096520f2","kinds":["SCCM_ClientDevice"],"properties":{"domain":[],"collectionSource":["LDAP-CmRcService"],"ADDomainSID":"S-1-5-21-3242052782-1287495003-4091326449-1114","DNSHostName":"hi2-pss.mayyhem.com","CN":"HI2-PSS","siteCode":"PS1","SMSID":"Not yet collected","name":"HI2-PSS@PS1","distinguishedName":"CN=HI2-PSS,OU=Servers,DC=mayyhem,DC=com","objectClass":["top","person","organizationalPerson","user","computer"],"samAccountName":[],"servicePrincipalName":["CmRcService/HI2-PSS","CmRcService/hi2-pss.mayyhem.com","WSMAN/hi2-pss","WSMAN/hi2-pss.mayyhem.com","TERMSRV/HI2-PSS","TERMSRV/hi2-pss.mayyhem.com","RestrictedKrbHost/HI2-PSS","HOST/HI2-PSS","RestrictedKrbHost/hi2-pss.mayyhem.com","HOST/hi2-pss.mayyhem.com"]}},
      {"id":"S-1-5-21-3242052782-1287495003-4091326449-1109","kinds":["Computer","Base"],"properties":{"SCCMSiteSystemRoles":["SMS SQL Server@PS1"],"Type":"Computer","name":"PS1-DB$","SCCMHostsContentLibrary":false,"samAccountName":"PS1-DB$","SCCMInfra":true,"IsDomainPrincipal":true,"objectClass":["top","person","organizationalPerson","user","computer"],"SMBSigningRequired":false,"CN":"PS1-DB","SCCMIsPXESupportEnabled":false,"domain":"MAYYHEM.COM","DNSHostName":"ps1-db.mayyhem.com","collectionSource":["LDAP-CmRcService","RemoteRegistry-MultisiteComponentServers","SMB-Negotiate"],"SCCMHasClientRemoteControlSPN":true,"distinguishedName":"CN=PS1-DB,OU=Servers,DC=mayyhem,DC=com","servicePrincipalName":["CmRcService/PS1-DB","CmRcService/ps1-db.mayyhem.com","TERMSRV/PS1-DB","TERMSRV/ps1-db.mayyhem.com","WSMAN/ps1-db","WSMAN/ps1-db.mayyhem.com","RestrictedKrbHost/PS1-DB","HOST/PS1-DB","RestrictedKrbHost/ps1-db.mayyhem.com","HOST/ps1-db.mayyhem.com"],"Enabled":true}},
      {"id":"26ea1ef3-69b3-4368-833a-ac34bb27e696","kinds":["SCCM_ClientDevice"],"properties":{"domain":[],"collectionSource":["LDAP-CmRcService"],"ADDomainSID":"S-1-5-21-3242052782-1287495003-4091326449-1109","DNSHostName":"ps1-db.mayyhem.com","CN":"PS1-DB","siteCode":"PS1","SMSID":"Not yet collected","name":"PS1-DB@PS1","distinguishedName":"CN=PS1-DB,OU=Servers,DC=mayyhem,DC=com","objectClass":["top","person","organizationalPerson","user","computer"],"samAccountName":[],"servicePrincipalName":["CmRcService/PS1-DB","CmRcService/ps1-db.mayyhem.com","TERMSRV/PS1-DB","TERMSRV/ps1-db.mayyhem.com","WSMAN/ps1-db","WSMAN/ps1-db.mayyhem.com","RestrictedKrbHost/PS1-DB","HOST/PS1-DB","RestrictedKrbHost/ps1-db.mayyhem.com","HOST/ps1-db.mayyhem.com"]}},
      {"id":"S-1-5-21-3242052782-1287495003-4091326449-1119","kinds":["Computer","Base"],"properties":{"Type":"Computer","name":"PS1-DEV$","SCCMHostsContentLibrary":false,"samAccountName":"PS1-DEV$","SCCMInfra":true,"IsDomainPrincipal":true,"objectClass":["top","person","organizationalPerson","user","computer"],"SMBSigningRequired":false,"CN":"PS1-DEV","SCCMIsPXESupportEnabled":false,"domain":"MAYYHEM.COM","DNSHostName":"ps1-dev.mayyhem.com","collectionSource":["LDAP-CmRcService","Local-CCM_Client","SMB-Negotiate"],"SCCMHasClientRemoteControlSPN":true,"distinguishedName":"CN=PS1-DEV,OU=Workstations,DC=mayyhem,DC=com","servicePrincipalName":["CmRcService/PS1-DEV","CmRcService/ps1-dev.mayyhem.com","WSMAN/ps1-dev","WSMAN/ps1-dev.mayyhem.com","TERMSRV/PS1-DEV","TERMSRV/ps1-dev.mayyhem.com","RestrictedKrbHost/PS1-DEV","HOST/PS1-DEV","RestrictedKrbHost/ps1-dev.mayyhem.com","HOST/ps1-dev.mayyhem.com"],"Enabled":true}},
      {"id":"c640b713-a469-4881-8439-b5aace770201","kinds":["SCCM_ClientDevice"],"properties":{"name":"PS1-DEV@PS1","siteCode":"PS1","samAccountName":[],"objectClass":["top","person","organizationalPerson","user","computer"],"CN":"PS1-DEV","ADDomainSID":"S-1-5-21-3242052782-1287495003-4091326449-1119","previousSMSIDChangeDate":"11/26/2025 19:32:13","currentManagementPoint":"ps1-mp.mayyhem.com","domain":[],"DNSHostName":"ps1-dev.mayyhem.com","SMSID":"Not yet collected","currentManagementPointSID":"S-1-5-21-3242052782-1287495003-4091326449-1118","collectionSource":["LDAP-CmRcService","Local-CCM_Client"],"distinguishedName":"CN=PS1-DEV,OU=Workstations,DC=mayyhem,DC=com","servicePrincipalName":["CmRcService/PS1-DEV","CmRcService/ps1-dev.mayyhem.com","WSMAN/ps1-dev","WSMAN/ps1-dev.mayyhem.com","TERMSRV/PS1-DEV","TERMSRV/ps1-dev.mayyhem.com","RestrictedKrbHost/PS1-DEV","HOST/PS1-DEV","RestrictedKrbHost/ps1-dev.mayyhem.com","HOST/ps1-dev.mayyhem.com"],"previousSMSID":"GUID:6C25F505-E982-4A0D-8C6E-BFC74992D581"}},
      {"id":"S-1-5-21-3242052782-1287495003-4091326449-1117","kinds":["Computer","Base"],"properties":{"SCCMSiteSystemRoles":["SMS Distribution Point@CAS","SMS Distribution Point@PS1"],"Type":"Computer","name":"PS1-DP$","SCCMClientCertificateRequired":false,"SCCMHostsContentLibrary":true,"samAccountName":"PS1-DP$","SCCMInfra":true,"IsDomainPrincipal":true,"objectClass":["top","person","organizationalPerson","user","computer"],"SMBSigningRequired":false,"CN":"PS1-DP","SCCMIsPXESupportEnabled":true,"domain":"MAYYHEM.COM","DNSHostName":"ps1-dp.mayyhem.com","collectionSource":["LDAP-CmRcService","LDAP-connectionPoint","LDAP-intellimirrorSCP","HTTP-SMS_DP_SMSPKG$","SMB-Negotiate","SMB-REMINST","SMB-SCCMContentLib$","SMB-SMSPKG$","SMB-ShareDescription","SMB-SMS_DP$"],"SCCMHasClientRemoteControlSPN":true,"distinguishedName":"CN=PS1-DP,OU=Servers,DC=mayyhem,DC=com","servicePrincipalName":["CmRcService/PS1-DP","CmRcService/ps1-dp.mayyhem.com","WSMAN/ps1-dp","WSMAN/ps1-dp.mayyhem.com","TERMSRV/PS1-DP","TERMSRV/ps1-dp.mayyhem.com","RestrictedKrbHost/PS1-DP","HOST/PS1-DP","RestrictedKrbHost/ps1-dp.mayyhem.com","HOST/ps1-dp.mayyhem.com"],"networkBootServer":true,"Enabled":true}},
      {"id":"0afeca81-661a-49d1-b436-7959dc0ce4a7","kinds":["SCCM_ClientDevice"],"properties":{"domain":[],"collectionSource":["LDAP-CmRcService"],"ADDomainSID":"S-1-5-21-3242052782-1287495003-4091326449-1117","DNSHostName":"ps1-dp.mayyhem.com","CN":"PS1-DP","siteCode":"PS1","SMSID":"Not yet collected","name":"PS1-DP@PS1","distinguishedName":"CN=PS1-DP,OU=Servers,DC=mayyhem,DC=com","objectClass":["top","person","organizationalPerson","user","computer"],"samAccountName":[],"servicePrincipalName":["CmRcService/PS1-DP","CmRcService/ps1-dp.mayyhem.com","WSMAN/ps1-dp","WSMAN/ps1-dp.mayyhem.com","TERMSRV/PS1-DP","TERMSRV/ps1-dp.mayyhem.com","RestrictedKrbHost/PS1-DP","HOST/PS1-DP","RestrictedKrbHost/ps1-dp.mayyhem.com","HOST/ps1-dp.mayyhem.com"]}},
      {"id":"S-1-5-21-3242052782-1287495003-4091326449-1110","kinds":["Computer","Base"],"properties":{"domain":[],"collectionSource":["LDAP-CmRcService"],"SCCMHasClientRemoteControlSPN":true,"CN":"PS1-LIB","DNSHostName":"ps1-lib.mayyhem.com","name":"PS1-LIB","distinguishedName":"CN=PS1-LIB,OU=Servers,DC=mayyhem,DC=com","objectClass":["top","person","organizationalPerson","user","computer"],"samAccountName":[],"servicePrincipalName":["CmRcService/PS1-LIB","CmRcService/ps1-lib.mayyhem.com","WSMAN/ps1-lib","WSMAN/ps1-lib.mayyhem.com","TERMSRV/PS1-LIB","TERMSRV/ps1-lib.mayyhem.com","RestrictedKrbHost/PS1-LIB","HOST/PS1-LIB","RestrictedKrbHost/ps1-lib.mayyhem.com","HOST/ps1-lib.mayyhem.com"]}},
      {"id":"14e556a0-5ddc-4c7c-96ac-f068923fc3d6","kinds":["SCCM_ClientDevice"],"properties":{"domain":[],"collectionSource":["LDAP-CmRcService"],"ADDomainSID":"S-1-5-21-3242052782-1287495003-4091326449-1110","DNSHostName":"ps1-lib.mayyhem.com","CN":"PS1-LIB","siteCode":"PS1","SMSID":"Not yet collected","name":"PS1-LIB@PS1","distinguishedName":"CN=PS1-LIB,OU=Servers,DC=mayyhem,DC=com","objectClass":["top","person","organizationalPerson","user","computer"],"samAccountName":[],"servicePrincipalName":["CmRcService/PS1-LIB","CmRcService/ps1-lib.mayyhem.com","WSMAN/ps1-lib","WSMAN/ps1-lib.mayyhem.com","TERMSRV/PS1-LIB","TERMSRV/ps1-lib.mayyhem.com","RestrictedKrbHost/PS1-LIB","HOST/PS1-LIB","RestrictedKrbHost/ps1-lib.mayyhem.com","HOST/ps1-lib.mayyhem.com"]}},
      {"id":"6aa9c985-07ad-4ed8-9a0a-54d3db64367d","kinds":["SCCM_ClientDevice"],"properties":{"domain":[],"collectionSource":["LDAP-CmRcService"],"ADDomainSID":"S-1-5-21-3242052782-1287495003-4091326449-1118","DNSHostName":"ps1-mp.mayyhem.com","CN":"PS1-MP","siteCode":"PS1","SMSID":"Not yet collected","name":"PS1-MP@PS1","distinguishedName":"CN=PS1-MP,OU=Servers,DC=mayyhem,DC=com","objectClass":["top","person","organizationalPerson","user","computer"],"samAccountName":[],"servicePrincipalName":["CmRcService/PS1-MP","CmRcService/ps1-mp.mayyhem.com","WSMAN/ps1-mp","WSMAN/ps1-mp.mayyhem.com","TERMSRV/PS1-MP","TERMSRV/ps1-mp.mayyhem.com","RestrictedKrbHost/PS1-MP","HOST/PS1-MP","RestrictedKrbHost/ps1-mp.mayyhem.com","HOST/ps1-mp.mayyhem.com"]}},
      {"id":"S-1-5-21-3242052782-1287495003-4091326449-1112","kinds":["Computer","Base"],"properties":{"SCCMSiteSystemRoles":["SMS Site Server@PS1","SMS Component Server@PS1","SMS Provider@CAS","SMS Distribution Point@PS1"],"Type":"Computer","name":"PS1-PSS$","SCCMClientCertificateRequired":false,"SCCMHostsContentLibrary":true,"samAccountName":"PS1-PSS$","SCCMInfra":true,"IsDomainPrincipal":true,"objectClass":["top","person","organizationalPerson","user","computer"],"SMBSigningRequired":false,"CN":"PS1-PSS","SCCMIsPXESupportEnabled":false,"domain":"MAYYHEM.COM","DNSHostName":"ps1-pss.mayyhem.com","collectionSource":["LDAP-CmRcService","LDAP-GenericAllSystemManagement","RemoteRegistry-ComponentServer","HTTP-SMS_Identification","HTTP-sitesigncert","SMB-Negotiate","SMB-SMS_SITE","SMB-SCCMContentLib$","SMB-SMS_DP$"],"SCCMHasClientRemoteControlSPN":true,"distinguishedName":"CN=PS1-PSS,OU=Servers,DC=mayyhem,DC=com","servicePrincipalName":["CmRcService/PS1-PSS","CmRcService/ps1-pss.mayyhem.com","WSMAN/ps1-pss","WSMAN/ps1-pss.mayyhem.com","TERMSRV/PS1-PSS","TERMSRV/ps1-pss.mayyhem.com","RestrictedKrbHost/PS1-PSS","HOST/PS1-PSS","RestrictedKrbHost/ps1-pss.mayyhem.com","HOST/ps1-pss.mayyhem.com"],"Enabled":true}},
      {"id":"34031965-a881-4fe1-a64e-08887a0e8b5b","kinds":["SCCM_ClientDevice"],"properties":{"domain":[],"collectionSource":["LDAP-CmRcService"],"ADDomainSID":"S-1-5-21-3242052782-1287495003-4091326449-1112","DNSHostName":"ps1-pss.mayyhem.com","CN":"PS1-PSS","siteCode":"PS1","SMSID":"Not yet collected","name":"PS1-PSS@PS1","distinguishedName":"CN=PS1-PSS,OU=Servers,DC=mayyhem,DC=com","objectClass":["top","person","organizationalPerson","user","computer"],"samAccountName":[],"servicePrincipalName":["CmRcService/PS1-PSS","CmRcService/ps1-pss.mayyhem.com","WSMAN/ps1-pss","WSMAN/ps1-pss.mayyhem.com","TERMSRV/PS1-PSS","TERMSRV/ps1-pss.mayyhem.com","RestrictedKrbHost/PS1-PSS","HOST/PS1-PSS","RestrictedKrbHost/ps1-pss.mayyhem.com","HOST/ps1-pss.mayyhem.com"]}},
      {"id":"S-1-5-21-3242052782-1287495003-4091326449-1111","kinds":["Computer","Base"],"properties":{"SCCMSiteSystemRoles":["SMS Component Server@PS1","SMS Provider@CAS","SMS Site Server@PS1"],"Type":"Computer","name":"PS1-PSV$","SCCMClientCertificateRequired":false,"SCCMHostsContentLibrary":false,"samAccountName":"PS1-PSV$","SCCMInfra":true,"IsDomainPrincipal":true,"objectClass":["top","person","organizationalPerson","user","computer"],"SMBSigningRequired":false,"CN":"PS1-PSV","SCCMIsPXESupportEnabled":false,"domain":"MAYYHEM.COM","DNSHostName":"ps1-psv.mayyhem.com","collectionSource":["LDAP-CmRcService","RemoteRegistry-ComponentServer","HTTP-SMS_Identification","SMB-Negotiate","SMB-SMS_SITE"],"SCCMHasClientRemoteControlSPN":true,"distinguishedName":"CN=PS1-PSV,OU=Servers,DC=mayyhem,DC=com","servicePrincipalName":["CmRcService/PS1-PSV","CmRcService/ps1-psv.mayyhem.com","WSMAN/ps1-psv","WSMAN/ps1-psv.mayyhem.com","TERMSRV/PS1-PSV","TERMSRV/ps1-psv.mayyhem.com","RestrictedKrbHost/PS1-PSV","HOST/PS1-PSV","RestrictedKrbHost/ps1-psv.mayyhem.com","HOST/ps1-psv.mayyhem.com"],"Enabled":true}},
      {"id":"8f613d8f-3019-4a85-9d64-dbe2fcc58ec1","kinds":["SCCM_ClientDevice"],"properties":{"domain":[],"collectionSource":["LDAP-CmRcService"],"ADDomainSID":"S-1-5-21-3242052782-1287495003-4091326449-1111","DNSHostName":"ps1-psv.mayyhem.com","CN":"PS1-PSV","siteCode":"PS1","SMSID":"Not yet collected","name":"PS1-PSV@PS1","distinguishedName":"CN=PS1-PSV,OU=Servers,DC=mayyhem,DC=com","objectClass":["top","person","organizationalPerson","user","computer"],"samAccountName":[],"servicePrincipalName":["CmRcService/PS1-PSV","CmRcService/ps1-psv.mayyhem.com","WSMAN/ps1-psv","WSMAN/ps1-psv.mayyhem.com","TERMSRV/PS1-PSV","TERMSRV/ps1-psv.mayyhem.com","RestrictedKrbHost/PS1-PSV","HOST/PS1-PSV","RestrictedKrbHost/ps1-psv.mayyhem.com","HOST/ps1-psv.mayyhem.com"]}},
      {"id":"S-1-5-21-3242052782-1287495003-4091326449-1113","kinds":["Computer","Base"],"properties":{"domain":[],"collectionSource":["LDAP-CmRcService"],"SCCMHasClientRemoteControlSPN":true,"CN":"PS1-SEC","DNSHostName":"ps1-sec.mayyhem.com","name":"PS1-SEC","distinguishedName":"CN=PS1-SEC,OU=Servers,DC=mayyhem,DC=com","objectClass":["top","person","organizationalPerson","user","computer"],"samAccountName":[],"servicePrincipalName":["CmRcService/PS1-SEC","CmRcService/ps1-sec.mayyhem.com","WSMAN/ps1-sec","WSMAN/ps1-sec.mayyhem.com","TERMSRV/PS1-SEC","TERMSRV/ps1-sec.mayyhem.com","RestrictedKrbHost/PS1-SEC","HOST/PS1-SEC","RestrictedKrbHost/ps1-sec.mayyhem.com","HOST/ps1-sec.mayyhem.com"]}},
      {"id":"cbfd06cb-36af-4265-9cfb-29d4f19f6362","kinds":["SCCM_ClientDevice"],"properties":{"domain":[],"collectionSource":["LDAP-CmRcService"],"ADDomainSID":"S-1-5-21-3242052782-1287495003-4091326449-1113","DNSHostName":"ps1-sec.mayyhem.com","CN":"PS1-SEC","siteCode":"PS1","SMSID":"Not yet collected","name":"PS1-SEC@PS1","distinguishedName":"CN=PS1-SEC,OU=Servers,DC=mayyhem,DC=com","objectClass":["top","person","organizationalPerson","user","computer"],"samAccountName":[],"servicePrincipalName":["CmRcService/PS1-SEC","CmRcService/ps1-sec.mayyhem.com","WSMAN/ps1-sec","WSMAN/ps1-sec.mayyhem.com","TERMSRV/PS1-SEC","TERMSRV/ps1-sec.mayyhem.com","RestrictedKrbHost/PS1-SEC","HOST/PS1-SEC","RestrictedKrbHost/ps1-sec.mayyhem.com","HOST/ps1-sec.mayyhem.com"]}},
      {"id":"S-1-5-21-3242052782-1287495003-4091326449-1123","kinds":["Computer","Base"],"properties":{"SCCMSiteSystemRoles":["SMS Component Server@PS1","SMS Provider@CAS"],"Type":"Computer","name":"PS1-SMS$","SCCMClientCertificateRequired":false,"SCCMHostsContentLibrary":false,"samAccountName":"PS1-SMS$","SCCMInfra":true,"IsDomainPrincipal":true,"objectClass":["top","person","organizationalPerson","user","computer"],"SMBSigningRequired":false,"CN":"PS1-SMS","SCCMIsPXESupportEnabled":false,"domain":"MAYYHEM.COM","DNSHostName":"ps1-sms.mayyhem.com","collectionSource":["LDAP-CmRcService","LDAP-NamePattern","RemoteRegistry-ComponentServer","HTTP-SMS_Identification","SMB-Negotiate"],"SCCMHasClientRemoteControlSPN":true,"distinguishedName":"CN=PS1-SMS,OU=Servers,DC=mayyhem,DC=com","servicePrincipalName":["CmRcService/PS1-SMS","CmRcService/ps1-sms.mayyhem.com","WSMAN/ps1-sms","WSMAN/ps1-sms.mayyhem.com","TERMSRV/PS1-SMS","TERMSRV/ps1-sms.mayyhem.com","RestrictedKrbHost/PS1-SMS","HOST/PS1-SMS","RestrictedKrbHost/ps1-sms.mayyhem.com","HOST/ps1-sms.mayyhem.com"],"Enabled":true}},
      {"id":"24fb95cf-e4f9-45b4-bf6b-2b922d7c1675","kinds":["SCCM_ClientDevice"],"properties":{"domain":[],"collectionSource":["LDAP-CmRcService"],"ADDomainSID":"S-1-5-21-3242052782-1287495003-4091326449-1123","DNSHostName":"ps1-sms.mayyhem.com","CN":"PS1-SMS","siteCode":"PS1","SMSID":"Not yet collected","name":"PS1-SMS@PS1","distinguishedName":"CN=PS1-SMS,OU=Servers,DC=mayyhem,DC=com","objectClass":["top","person","organizationalPerson","user","computer"],"samAccountName":[],"servicePrincipalName":["CmRcService/PS1-SMS","CmRcService/ps1-sms.mayyhem.com","WSMAN/ps1-sms","WSMAN/ps1-sms.mayyhem.com","TERMSRV/PS1-SMS","TERMSRV/ps1-sms.mayyhem.com","RestrictedKrbHost/PS1-SMS","HOST/PS1-SMS","RestrictedKrbHost/ps1-sms.mayyhem.com","HOST/ps1-sms.mayyhem.com"]}},
      {"id":"S-1-5-21-3242052782-1287495003-4091326449-1115","kinds":["Computer","Base"],"properties":{"Type":"Computer","name":"PS2-PSS$","SCCMHostsContentLibrary":false,"samAccountName":"PS2-PSS$","SCCMInfra":true,"IsDomainPrincipal":true,"objectClass":["top","person","organizationalPerson","user","computer"],"SMBSigningRequired":false,"CN":"PS2-PSS","SCCMIsPXESupportEnabled":false,"domain":"MAYYHEM.COM","DNSHostName":"ps2-pss.mayyhem.com","collectionSource":["LDAP-CmRcService","LDAP-GenericAllSystemManagement","SMB-Negotiate"],"SCCMHasClientRemoteControlSPN":true,"distinguishedName":"CN=PS2-PSS,OU=Servers,DC=mayyhem,DC=com","servicePrincipalName":["CmRcService/PS2-PSS","CmRcService/ps2-pss.mayyhem.com","WSMAN/ps2-pss","WSMAN/ps2-pss.mayyhem.com","TERMSRV/PS2-PSS","TERMSRV/ps2-pss.mayyhem.com","RestrictedKrbHost/PS2-PSS","HOST/PS2-PSS","RestrictedKrbHost/ps2-pss.mayyhem.com","HOST/ps2-pss.mayyhem.com"],"Enabled":true}},
      {"id":"f28bc960-e7f1-4174-8489-f405d493158b","kinds":["SCCM_ClientDevice"],"properties":{"domain":[],"collectionSource":["LDAP-CmRcService"],"ADDomainSID":"S-1-5-21-3242052782-1287495003-4091326449-1115","DNSHostName":"ps2-pss.mayyhem.com","CN":"PS2-PSS","siteCode":"PS1","SMSID":"Not yet collected","name":"PS2-PSS@PS1","distinguishedName":"CN=PS2-PSS,OU=Servers,DC=mayyhem,DC=com","objectClass":["top","person","organizationalPerson","user","computer"],"samAccountName":[],"servicePrincipalName":["CmRcService/PS2-PSS","CmRcService/ps2-pss.mayyhem.com","WSMAN/ps2-pss","WSMAN/ps2-pss.mayyhem.com","TERMSRV/PS2-PSS","TERMSRV/ps2-pss.mayyhem.com","RestrictedKrbHost/PS2-PSS","HOST/PS2-PSS","RestrictedKrbHost/ps2-pss.mayyhem.com","HOST/ps2-pss.mayyhem.com"]}},
      {"id":"S-1-5-21-3242052782-1287495003-4091326449-512","kinds":["Group","Base"],"properties":{"Domain":"MAYYHEM.COM","IsDomainPrincipal":true,"collectionSource":["LDAP-GenericAllSystemManagement"],"Type":"Group","name":"Domain Admins","distinguishedName":"CN=Domain Admins,CN=Users,DC=mayyhem,DC=com","SamAccountName":"Domain Admins","Enabled":true}},
      {"id":"S-1-5-21-3242052782-1287495003-4091326449-1106","kinds":["Computer","Base"],"properties":{"Type":"Computer","name":"CAS-PSS$","SCCMClientCertificateRequired":false,"SCCMHostsContentLibrary":true,"SamAccountName":"CAS-PSS$","IsDomainPrincipal":true,"SMBSigningRequired":false,"DNSHostName":"cas-pss.mayyhem.com","SCCMIsPXESupportEnabled":false,"Domain":"MAYYHEM.COM","SCCMInfra":true,"SCCMSiteSystemRoles":["SMS Component Server@CAS","SMS Site Server@CAS","SMS Provider@CAS","SMS Distribution Point@CAS"],"distinguishedName":"CN=CAS-PSS,OU=Servers,DC=mayyhem,DC=com","collectionSource":["LDAP-GenericAllSystemManagement","RemoteRegistry-ComponentServer","HTTP-SMS_Identification","SMB-Negotiate","SMB-SMS_SITE","SMB-SCCMContentLib$","SMB-SMS_DP$"],"Enabled":true}},
      {"id":"S-1-5-21-3242052782-1287495003-4091326449-519","kinds":["Group","Base"],"properties":{"Domain":"MAYYHEM.COM","IsDomainPrincipal":true,"collectionSource":["LDAP-GenericAllSystemManagement"],"Type":"Group","name":"Enterprise Admins","distinguishedName":"CN=Enterprise Admins,CN=Users,DC=mayyhem,DC=com","SamAccountName":"Enterprise Admins","Enabled":true}},
      {"id":"S-1-5-21-3242052782-1287495003-4091326449-1109:1433","kinds":["MSSQL_Server"],"properties":{"extendedProtection":"Off","collectionSource":["RemoteRegistry-MultisiteComponentServers","MSSQL-ScanForEPA"],"SCCMSite":"PS1","name":"ps1-db.mayyhem.com:1433","dnsHostName":"ps1-db.mayyhem.com","SCCMInfra":true,"SQLServicePort":1433,"databases":"CM_PS1","forceEncryption":"Yes"}},
      {"id":"sysadmin@S-1-5-21-3242052782-1287495003-4091326449-1109:1433","kinds":["MSSQL_ServerRole"],"properties":{"SQLServer":"ps1-db.mayyhem.com","collectionSource":["RemoteRegistry-MultisiteComponentServers","MSSQL-ScanForEPA"],"name":"sysadmin","isFixedRole":true,"SCCMSite":"PS1"}},
      {"id":"S-1-5-21-3242052782-1287495003-4091326449-1109:1433\\CM_PS1","kinds":["MSSQL_Database"],"properties":{"SQLServer":"ps1-db.mayyhem.com","collectionSource":["RemoteRegistry-MultisiteComponentServers","MSSQL-ScanForEPA"],"isTrustworthy":true,"name":"CM_PS1","SCCMInfra":true,"SCCMSite":"PS1"}},
      {"id":"db_owner@S-1-5-21-3242052782-1287495003-4091326449-1109:1433\\CM_PS1","kinds":["MSSQL_DatabaseRole"],"properties":{"SQLServer":"ps1-db.mayyhem.com","collectionSource":["RemoteRegistry-MultisiteComponentServers","MSSQL-ScanForEPA"],"name":"db_owner","isFixedRole":true,"SCCMSite":"PS1","database":"CM_PS1"}},
      {"id":"S-1-5-21-3242052782-1287495003-4091326449-1104","kinds":["User","Base"],"properties":{"Domain":"MAYYHEM.COM","IsDomainPrincipal":true,"collectionSource":["RemoteRegistry-CurrentUser"],"Type":"User","name":"domainuser","distinguishedName":"CN=domainuser,CN=Users,DC=mayyhem,DC=com","SamAccountName":"domainuser","Enabled":true}},
      {"id":"S-1-5-21-3242052782-1287495003-4091326449-1108:1433","kinds":["MSSQL_Server"],"properties":{"extendedProtection":"Off","collectionSource":["RemoteRegistry-MultisiteComponentServers","MSSQL-ScanForEPA"],"SCCMSite":"CAS","name":"cas-db.mayyhem.com:1433","dnsHostName":"cas-db.mayyhem.com","SCCMInfra":true,"SQLServicePort":1433,"databases":"CM_CAS","forceEncryption":"No"}},
      {"id":"sysadmin@S-1-5-21-3242052782-1287495003-4091326449-1108:1433","kinds":["MSSQL_ServerRole"],"properties":{"SQLServer":"cas-db.mayyhem.com","collectionSource":["RemoteRegistry-MultisiteComponentServers","MSSQL-ScanForEPA"],"name":"sysadmin","isFixedRole":true,"SCCMSite":"CAS"}},
      {"id":"S-1-5-21-3242052782-1287495003-4091326449-1108:1433\\CM_CAS","kinds":["MSSQL_Database"],"properties":{"SQLServer":"cas-db.mayyhem.com","collectionSource":["RemoteRegistry-MultisiteComponentServers","MSSQL-ScanForEPA"],"isTrustworthy":true,"name":"CM_CAS","SCCMInfra":true,"SCCMSite":"CAS"}},
      {"id":"db_owner@S-1-5-21-3242052782-1287495003-4091326449-1108:1433\\CM_CAS","kinds":["MSSQL_DatabaseRole"],"properties":{"SQLServer":"cas-db.mayyhem.com","collectionSource":["RemoteRegistry-MultisiteComponentServers","MSSQL-ScanForEPA"],"name":"db_owner","isFixedRole":true,"SCCMSite":"CAS","database":"CM_CAS"}},
      {"id":"MAYYHEM\\PS1-PSS$@S-1-5-21-3242052782-1287495003-4091326449-1109:1433","kinds":["MSSQL_Login"],"properties":{"SQLServer":"ps1-db.mayyhem.com","collectionSource":["SCCM_Invoke-ProcessMssqlNodesAndEdgesForSysadminComputer"],"name":"MAYYHEM\\PS1-PSS$","SCCMInfra":true,"loginType":"Windows","SCCMSite":"PS1","memberOfRoles":["sysadmin@S-1-5-21-3242052782-1287495003-4091326449-1109:1433"]}},
      {"id":"MAYYHEM\\PS1-PSS$@S-1-5-21-3242052782-1287495003-4091326449-1109:1433\\CM_PS1","kinds":["MSSQL_DatabaseUser"],"properties":{"login":"MAYYHEM\\PS1-PSS$","collectionSource":["SCCM_Invoke-ProcessMssqlNodesAndEdgesForSysadminComputer"],"SQLServer":"ps1-db.mayyhem.com","memberOfRoles":["db_owner@S-1-5-21-3242052782-1287495003-4091326449-1109:1433\\CM_PS1"],"name":"MAYYHEM\\PS1-PSS$","SCCMInfra":true,"SCCMSite":"PS1","database":"CM_PS1"}},
      {"id":"MAYYHEM\\PS1-PSS$@S-1-5-21-3242052782-1287495003-4091326449-1108:1433","kinds":["MSSQL_Login"],"properties":{"SQLServer":"cas-db.mayyhem.com","collectionSource":["SCCM_Invoke-ProcessMssqlNodesAndEdgesForSysadminComputer"],"name":"MAYYHEM\\PS1-PSS$","SCCMInfra":true,"loginType":"Windows","SCCMSite":"CAS","memberOfRoles":["sysadmin@S-1-5-21-3242052782-1287495003-4091326449-1108:1433"]}},
      {"id":"MAYYHEM\\PS1-PSS$@S-1-5-21-3242052782-1287495003-4091326449-1108:1433\\CM_CAS","kinds":["MSSQL_DatabaseUser"],"properties":{"login":"MAYYHEM\\PS1-PSS$","collectionSource":["SCCM_Invoke-ProcessMssqlNodesAndEdgesForSysadminComputer"],"SQLServer":"cas-db.mayyhem.com","memberOfRoles":["db_owner@S-1-5-21-3242052782-1287495003-4091326449-1108:1433\\CM_CAS"],"name":"MAYYHEM\\PS1-PSS$","SCCMInfra":true,"SCCMSite":"CAS","database":"CM_CAS"}},
      {"id":"MAYYHEM\\PS1-PSV$@S-1-5-21-3242052782-1287495003-4091326449-1109:1433","kinds":["MSSQL_Login"],"properties":{"SQLServer":"ps1-db.mayyhem.com","collectionSource":["SCCM_Invoke-ProcessMssqlNodesAndEdgesForSysadminComputer"],"name":"MAYYHEM\\PS1-PSV$","SCCMInfra":true,"loginType":"Windows","SCCMSite":"PS1","memberOfRoles":["sysadmin@S-1-5-21-3242052782-1287495003-4091326449-1109:1433"]}},
      {"id":"MAYYHEM\\PS1-PSV$@S-1-5-21-3242052782-1287495003-4091326449-1109:1433\\CM_PS1","kinds":["MSSQL_DatabaseUser"],"properties":{"login":"MAYYHEM\\PS1-PSV$","collectionSource":["SCCM_Invoke-ProcessMssqlNodesAndEdgesForSysadminComputer"],"SQLServer":"ps1-db.mayyhem.com","memberOfRoles":["db_owner@S-1-5-21-3242052782-1287495003-4091326449-1109:1433\\CM_PS1"],"name":"MAYYHEM\\PS1-PSV$","SCCMInfra":true,"SCCMSite":"PS1","database":"CM_PS1"}},
      {"id":"MAYYHEM\\PS1-PSV$@S-1-5-21-3242052782-1287495003-4091326449-1108:1433","kinds":["MSSQL_Login"],"properties":{"SQLServer":"cas-db.mayyhem.com","collectionSource":["SCCM_Invoke-ProcessMssqlNodesAndEdgesForSysadminComputer"],"name":"MAYYHEM\\PS1-PSV$","SCCMInfra":true,"loginType":"Windows","SCCMSite":"CAS","memberOfRoles":["sysadmin@S-1-5-21-3242052782-1287495003-4091326449-1108:1433"]}},
      {"id":"MAYYHEM\\PS1-PSV$@S-1-5-21-3242052782-1287495003-4091326449-1108:1433\\CM_CAS","kinds":["MSSQL_DatabaseUser"],"properties":{"login":"MAYYHEM\\PS1-PSV$","collectionSource":["SCCM_Invoke-ProcessMssqlNodesAndEdgesForSysadminComputer"],"SQLServer":"cas-db.mayyhem.com","memberOfRoles":["db_owner@S-1-5-21-3242052782-1287495003-4091326449-1108:1433\\CM_CAS"],"name":"MAYYHEM\\PS1-PSV$","SCCMInfra":true,"SCCMSite":"CAS","database":"CM_CAS"}},
      {"id":"MAYYHEM\\PS1-SMS$@S-1-5-21-3242052782-1287495003-4091326449-1108:1433","kinds":["MSSQL_Login"],"properties":{"SQLServer":"cas-db.mayyhem.com","collectionSource":["SCCM_Invoke-ProcessMssqlNodesAndEdgesForSysadminComputer"],"name":"MAYYHEM\\PS1-SMS$","SCCMInfra":true,"loginType":"Windows","SCCMSite":"CAS","memberOfRoles":["sysadmin@S-1-5-21-3242052782-1287495003-4091326449-1108:1433"]}},
      {"id":"MAYYHEM\\PS1-SMS$@S-1-5-21-3242052782-1287495003-4091326449-1108:1433\\CM_CAS","kinds":["MSSQL_DatabaseUser"],"properties":{"login":"MAYYHEM\\PS1-SMS$","collectionSource":["SCCM_Invoke-ProcessMssqlNodesAndEdgesForSysadminComputer"],"SQLServer":"cas-db.mayyhem.com","memberOfRoles":["db_owner@S-1-5-21-3242052782-1287495003-4091326449-1108:1433\\CM_CAS"],"name":"MAYYHEM\\PS1-SMS$","SCCMInfra":true,"SCCMSite":"CAS","database":"CM_CAS"}},
      {"id":"MAYYHEM\\CAS-PSS$@S-1-5-21-3242052782-1287495003-4091326449-1108:1433","kinds":["MSSQL_Login"],"properties":{"SQLServer":"cas-db.mayyhem.com","collectionSource":["SCCM_Invoke-ProcessMssqlNodesAndEdgesForSysadminComputer"],"name":"MAYYHEM\\CAS-PSS$","SCCMInfra":true,"loginType":"Windows","SCCMSite":"CAS","memberOfRoles":["sysadmin@S-1-5-21-3242052782-1287495003-4091326449-1108:1433"]}},
      {"id":"MAYYHEM\\CAS-PSS$@S-1-5-21-3242052782-1287495003-4091326449-1108:1433\\CM_CAS","kinds":["MSSQL_DatabaseUser"],"properties":{"login":"MAYYHEM\\CAS-PSS$","collectionSource":["SCCM_Invoke-ProcessMssqlNodesAndEdgesForSysadminComputer"],"SQLServer":"cas-db.mayyhem.com","memberOfRoles":["db_owner@S-1-5-21-3242052782-1287495003-4091326449-1108:1433\\CM_CAS"],"name":"MAYYHEM\\CAS-PSS$","SCCMInfra":true,"SCCMSite":"CAS","database":"CM_CAS"}},
      {"id":"MAYYHEM.COM-S-1-5-11","kinds":["Group","Base"],"properties":{"name":"AUTHENTICATED USERS@MAYYHEM.COM"}}
    ],
    "edges": [
      {"properties":{"collectionSource":["LDAP-CmRcService"],"traversable":true},"end":{"value":"5a314a70-6991-4e54-86b2-0b8c88d9e320"},"kind":"SCCM_HasClient","start":{"value":"PS1"}},
      {"properties":{"collectionSource":["LDAP-CmRcService"],"traversable":true},"end":{"value":"bc392ef8-3076-48d6-bc1d-c913384882eb"},"kind":"SCCM_HasClient","start":{"value":"PS1"}},
      {"properties":{"collectionSource":["LDAP-CmRcService"],"traversable":true},"end":{"value":"5f35da92-ea02-4ab9-b89f-2aff096520f2"},"kind":"SCCM_HasClient","start":{"value":"PS1"}},
      {"properties":{"collectionSource":["LDAP-CmRcService"],"traversable":true},"end":{"value":"26ea1ef3-69b3-4368-833a-ac34bb27e696"},"kind":"SCCM_HasClient","start":{"value":"PS1"}},
      {"properties":{"collectionSource":["LDAP-CmRcService"],"traversable":true},"end":{"value":"c640b713-a469-4881-8439-b5aace770201"},"kind":"SCCM_HasClient","start":{"value":"PS1"}},
      {"properties":{"collectionSource":["LDAP-CmRcService"],"traversable":true},"end":{"value":"0afeca81-661a-49d1-b436-7959dc0ce4a7"},"kind":"SCCM_HasClient","start":{"value":"PS1"}},
      {"properties":{"collectionSource":["LDAP-CmRcService"],"traversable":true},"end":{"value":"14e556a0-5ddc-4c7c-96ac-f068923fc3d6"},"kind":"SCCM_HasClient","start":{"value":"PS1"}},
      {"properties":{"collectionSource":["LDAP-CmRcService"],"traversable":true},"end":{"value":"6aa9c985-07ad-4ed8-9a0a-54d3db64367d"},"kind":"SCCM_HasClient","start":{"value":"PS1"}},
      {"properties":{"collectionSource":["LDAP-CmRcService"],"traversable":true},"end":{"value":"34031965-a881-4fe1-a64e-08887a0e8b5b"},"kind":"SCCM_HasClient","start":{"value":"PS1"}},
      {"properties":{"collectionSource":["LDAP-CmRcService"],"traversable":true},"end":{"value":"8f613d8f-3019-4a85-9d64-dbe2fcc58ec1"},"kind":"SCCM_HasClient","start":{"value":"PS1"}},
      {"properties":{"collectionSource":["LDAP-CmRcService"],"traversable":true},"end":{"value":"cbfd06cb-36af-4265-9cfb-29d4f19f6362"},"kind":"SCCM_HasClient","start":{"value":"PS1"}},
      {"properties":{"collectionSource":["LDAP-CmRcService"],"traversable":true},"end":{"value":"24fb95cf-e4f9-45b4-bf6b-2b922d7c1675"},"kind":"SCCM_HasClient","start":{"value":"PS1"}},
      {"properties":{"collectionSource":["LDAP-CmRcService"],"traversable":true},"end":{"value":"f28bc960-e7f1-4174-8489-f405d493158b"},"kind":"SCCM_HasClient","start":{"value":"PS1"}},
      {"properties":{"traversable":true,"collectionSource":["RemoteRegistry-MultisiteComponentServers","MSSQL-ScanForEPA"]},"end":{"value":"sysadmin@S-1-5-21-3242052782-1287495003-4091326449-1109:1433"},"kind":"MSSQL_Contains","start":{"value":"S-1-5-21-3242052782-1287495003-4091326449-1109:1433"}},
      {"properties":{"traversable":true,"collectionSource":["RemoteRegistry-MultisiteComponentServers","MSSQL-ScanForEPA"]},"end":{"value":"S-1-5-21-3242052782-1287495003-4091326449-1109:1433"},"kind":"MSSQL_ControlServer","start":{"value":"sysadmin@S-1-5-21-3242052782-1287495003-4091326449-1109:1433"}},
      {"properties":{"traversable":true,"collectionSource":["RemoteRegistry-MultisiteComponentServers","MSSQL-ScanForEPA"]},"end":{"value":"S-1-5-21-3242052782-1287495003-4091326449-1109:1433"},"kind":"MSSQL_HostFor","start":{"value":"S-1-5-21-3242052782-1287495003-4091326449-1109"}},
      {"properties":{"traversable":true,"collectionSource":["RemoteRegistry-MultisiteComponentServers","MSSQL-ScanForEPA"]},"end":{"value":"S-1-5-21-3242052782-1287495003-4091326449-1109"},"kind":"MSSQL_ExecuteOnHost","start":{"value":"S-1-5-21-3242052782-1287495003-4091326449-1109:1433"}},
      {"properties":{"traversable":true,"collectionSource":["RemoteRegistry-MultisiteComponentServers","MSSQL-ScanForEPA"]},"end":{"value":"S-1-5-21-3242052782-1287495003-4091326449-1109:1433\\CM_PS1"},"kind":"MSSQL_Contains","start":{"value":"S-1-5-21-3242052782-1287495003-4091326449-1109:1433"}},
      {"properties":{"traversable":true,"collectionSource":["RemoteRegistry-MultisiteComponentServers","MSSQL-ScanForEPA"]},"end":{"value":"db_owner@S-1-5-21-3242052782-1287495003-4091326449-1109:1433\\CM_PS1"},"kind":"MSSQL_Contains","start":{"value":"S-1-5-21-3242052782-1287495003-4091326449-1109:1433\\CM_PS1"}},
      {"properties":{"traversable":true,"collectionSource":["RemoteRegistry-MultisiteComponentServers","MSSQL-ScanForEPA"]},"end":{"value":"S-1-5-21-3242052782-1287495003-4091326449-1109:1433\\CM_PS1"},"kind":"MSSQL_ControlDB","start":{"value":"db_owner@S-1-5-21-3242052782-1287495003-4091326449-1109:1433\\CM_PS1"}},
      {"properties":{"traversable":true,"collectionSource":["RemoteRegistry-MultisiteComponentServers","MSSQL-ScanForEPA"]},"end":{"value":"PS1"},"kind":"SCCM_AssignAllPermissions","start":{"value":"S-1-5-21-3242052782-1287495003-4091326449-1109:1433\\CM_PS1"}},
      {"properties":{"collectionSource":["RemoteRegistry-CurrentUser"],"traversable":true},"end":{"value":"S-1-5-21-3242052782-1287495003-4091326449-1104"},"kind":"HasSession","start":{"value":"S-1-5-21-3242052782-1287495003-4091326449-1112"}},
      {"properties":{"traversable":true,"collectionSource":["RemoteRegistry-MultisiteComponentServers","MSSQL-ScanForEPA"]},"end":{"value":"sysadmin@S-1-5-21-3242052782-1287495003-4091326449-1108:1433"},"kind":"MSSQL_Contains","start":{"value":"S-1-5-21-3242052782-1287495003-4091326449-1108:1433"}},
      {"properties":{"traversable":true,"collectionSource":["RemoteRegistry-MultisiteComponentServers","MSSQL-ScanForEPA"]},"end":{"value":"S-1-5-21-3242052782-1287495003-4091326449-1108:1433"},"kind":"MSSQL_ControlServer","start":{"value":"sysadmin@S-1-5-21-3242052782-1287495003-4091326449-1108:1433"}},
      {"properties":{"traversable":true,"collectionSource":["RemoteRegistry-MultisiteComponentServers","MSSQL-ScanForEPA"]},"end":{"value":"S-1-5-21-3242052782-1287495003-4091326449-1108:1433"},"kind":"MSSQL_HostFor","start":{"value":"S-1-5-21-3242052782-1287495003-4091326449-1108"}},
      {"properties":{"traversable":true,"collectionSource":["RemoteRegistry-MultisiteComponentServers","MSSQL-ScanForEPA"]},"end":{"value":"S-1-5-21-3242052782-1287495003-4091326449-1108"},"kind":"MSSQL_ExecuteOnHost","start":{"value":"S-1-5-21-3242052782-1287495003-4091326449-1108:1433"}},
      {"properties":{"traversable":true,"collectionSource":["RemoteRegistry-MultisiteComponentServers","MSSQL-ScanForEPA"]},"end":{"value":"S-1-5-21-3242052782-1287495003-4091326449-1108:1433\\CM_CAS"},"kind":"MSSQL_Contains","start":{"value":"S-1-5-21-3242052782-1287495003-4091326449-1108:1433"}},
      {"properties":{"traversable":true,"collectionSource":["RemoteRegistry-MultisiteComponentServers","MSSQL-ScanForEPA"]},"end":{"value":"db_owner@S-1-5-21-3242052782-1287495003-4091326449-1108:1433\\CM_CAS"},"kind":"MSSQL_Contains","start":{"value":"S-1-5-21-3242052782-1287495003-4091326449-1108:1433\\CM_CAS"}},
      {"properties":{"traversable":true,"collectionSource":["RemoteRegistry-MultisiteComponentServers","MSSQL-ScanForEPA"]},"end":{"value":"S-1-5-21-3242052782-1287495003-4091326449-1108:1433\\CM_CAS"},"kind":"MSSQL_ControlDB","start":{"value":"db_owner@S-1-5-21-3242052782-1287495003-4091326449-1108:1433\\CM_CAS"}},
      {"properties":{"traversable":true,"collectionSource":["RemoteRegistry-MultisiteComponentServers","MSSQL-ScanForEPA"]},"end":{"value":"CAS"},"kind":"SCCM_AssignAllPermissions","start":{"value":"S-1-5-21-3242052782-1287495003-4091326449-1108:1433\\CM_CAS"}},
      {"properties":{"collectionSource":["RemoteRegistry-CurrentUser"],"traversable":true},"end":{"value":"S-1-5-21-3242052782-1287495003-4091326449-1104"},"kind":"HasSession","start":{"value":"S-1-5-21-3242052782-1287495003-4091326449-1106"}},
      {"properties":{"collectionSource":["RemoteRegistry-CurrentUser"],"traversable":true},"end":{"value":"S-1-5-21-3242052782-1287495003-4091326449-1104"},"kind":"HasSession","start":{"value":"S-1-5-21-3242052782-1287495003-4091326449-1111"}},
      {"properties":{"traversable":true},"end":{"value":"PS1"},"kind":"SCCM_AdminsReplicatedTo","start":{"value":"CAS"}},
      {"properties":{"traversable":true},"end":{"value":"CAS"},"kind":"SCCM_AdminsReplicatedTo","start":{"value":"PS1"}},
      {"properties":{"traversable":true},"end":{"value":"6aa9c985-07ad-4ed8-9a0a-54d3db64367d"},"kind":"SameHostAs","start":{"value":"S-1-5-21-3242052782-1287495003-4091326449-1118"}},
      {"properties":{"traversable":true},"end":{"value":"S-1-5-21-3242052782-1287495003-4091326449-1118"},"kind":"SameHostAs","start":{"value":"6aa9c985-07ad-4ed8-9a0a-54d3db64367d"}},
      {"properties":{"traversable":true},"end":{"value":"5a314a70-6991-4e54-86b2-0b8c88d9e320"},"kind":"SameHostAs","start":{"value":"S-1-5-21-3242052782-1287495003-4091326449-1108"}},
      {"properties":{"traversable":true},"end":{"value":"S-1-5-21-3242052782-1287495003-4091326449-1108"},"kind":"SameHostAs","start":{"value":"5a314a70-6991-4e54-86b2-0b8c88d9e320"}},
      {"properties":{"traversable":true},"end":{"value":"bc392ef8-3076-48d6-bc1d-c913384882eb"},"kind":"SameHostAs","start":{"value":"S-1-5-21-3242052782-1287495003-4091326449-1107"}},
      {"properties":{"traversable":true},"end":{"value":"S-1-5-21-3242052782-1287495003-4091326449-1107"},"kind":"SameHostAs","start":{"value":"bc392ef8-3076-48d6-bc1d-c913384882eb"}},
      {"properties":{"traversable":true},"end":{"value":"5f35da92-ea02-4ab9-b89f-2aff096520f2"},"kind":"SameHostAs","start":{"value":"S-1-5-21-3242052782-1287495003-4091326449-1114"}},
      {"properties":{"traversable":true},"end":{"value":"S-1-5-21-3242052782-1287495003-4091326449-1114"},"kind":"SameHostAs","start":{"value":"5f35da92-ea02-4ab9-b89f-2aff096520f2"}},
      {"properties":{"traversable":true},"end":{"value":"26ea1ef3-69b3-4368-833a-ac34bb27e696"},"kind":"SameHostAs","start":{"value":"S-1-5-21-3242052782-1287495003-4091326449-1109"}},
      {"properties":{"traversable":true},"end":{"value":"S-1-5-21-3242052782-1287495003-4091326449-1109"},"kind":"SameHostAs","start":{"value":"26ea1ef3-69b3-4368-833a-ac34bb27e696"}},
      {"properties":{"traversable":true},"end":{"value":"c640b713-a469-4881-8439-b5aace770201"},"kind":"SameHostAs","start":{"value":"S-1-5-21-3242052782-1287495003-4091326449-1119"}},
      {"properties":{"traversable":true},"end":{"value":"S-1-5-21-3242052782-1287495003-4091326449-1119"},"kind":"SameHostAs","start":{"value":"c640b713-a469-4881-8439-b5aace770201"}},
      {"properties":{"traversable":true},"end":{"value":"0afeca81-661a-49d1-b436-7959dc0ce4a7"},"kind":"SameHostAs","start":{"value":"S-1-5-21-3242052782-1287495003-4091326449-1117"}},
      {"properties":{"traversable":true},"end":{"value":"S-1-5-21-3242052782-1287495003-4091326449-1117"},"kind":"SameHostAs","start":{"value":"0afeca81-661a-49d1-b436-7959dc0ce4a7"}},
      {"properties":{"traversable":true},"end":{"value":"14e556a0-5ddc-4c7c-96ac-f068923fc3d6"},"kind":"SameHostAs","start":{"value":"S-1-5-21-3242052782-1287495003-4091326449-1110"}},
      {"properties":{"traversable":true},"end":{"value":"S-1-5-21-3242052782-1287495003-4091326449-1110"},"kind":"SameHostAs","start":{"value":"14e556a0-5ddc-4c7c-96ac-f068923fc3d6"}},
      {"properties":{"traversable":true},"end":{"value":"34031965-a881-4fe1-a64e-08887a0e8b5b"},"kind":"SameHostAs","start":{"value":"S-1-5-21-3242052782-1287495003-4091326449-1112"}},
      {"properties":{"traversable":true},"end":{"value":"S-1-5-21-3242052782-1287495003-4091326449-1112"},"kind":"SameHostAs","start":{"value":"34031965-a881-4fe1-a64e-08887a0e8b5b"}},
      {"properties":{"traversable":true},"end":{"value":"8f613d8f-3019-4a85-9d64-dbe2fcc58ec1"},"kind":"SameHostAs","start":{"value":"S-1-5-21-3242052782-1287495003-4091326449-1111"}},
      {"properties":{"traversable":true},"end":{"value":"S-1-5-21-3242052782-1287495003-4091326449-1111"},"kind":"SameHostAs","start":{"value":"8f613d8f-3019-4a85-9d64-dbe2fcc58ec1"}},
      {"properties":{"traversable":true},"end":{"value":"cbfd06cb-36af-4265-9cfb-29d4f19f6362"},"kind":"SameHostAs","start":{"value":"S-1-5-21-3242052782-1287495003-4091326449-1113"}},
      {"properties":{"traversable":true},"end":{"value":"S-1-5-21-3242052782-1287495003-4091326449-1113"},"kind":"SameHostAs","start":{"value":"cbfd06cb-36af-4265-9cfb-29d4f19f6362"}},
      {"properties":{"traversable":true},"end":{"value":"24fb95cf-e4f9-45b4-bf6b-2b922d7c1675"},"kind":"SameHostAs","start":{"value":"S-1-5-21-3242052782-1287495003-4091326449-1123"}},
      {"properties":{"traversable":true},"end":{"value":"S-1-5-21-3242052782-1287495003-4091326449-1123"},"kind":"SameHostAs","start":{"value":"24fb95cf-e4f9-45b4-bf6b-2b922d7c1675"}},
      {"properties":{"traversable":true},"end":{"value":"f28bc960-e7f1-4174-8489-f405d493158b"},"kind":"SameHostAs","start":{"value":"S-1-5-21-3242052782-1287495003-4091326449-1115"}},
      {"properties":{"traversable":true},"end":{"value":"S-1-5-21-3242052782-1287495003-4091326449-1115"},"kind":"SameHostAs","start":{"value":"f28bc960-e7f1-4174-8489-f405d493158b"}},
      {"properties":{"traversable":true,"collectionSource":["SCCM_Invoke-PostProcessing"]},"end":{"value":"S-1-5-21-3242052782-1287495003-4091326449-1118"},"kind":"LocalAdminRequired","start":{"value":"S-1-5-21-3242052782-1287495003-4091326449-1112"}},
      {"properties":{"traversable":true,"collectionSource":["SCCM_Invoke-PostProcessing"]},"end":{"value":"S-1-5-21-3242052782-1287495003-4091326449-1118"},"kind":"LocalAdminRequired","start":{"value":"S-1-5-21-3242052782-1287495003-4091326449-1111"}},
      {"properties":{"traversable":true,"collectionSource":["SCCM_Invoke-PostProcessing"]},"end":{"value":"S-1-5-21-3242052782-1287495003-4091326449-1108"},"kind":"LocalAdminRequired","start":{"value":"S-1-5-21-3242052782-1287495003-4091326449-1106"}},
      {"properties":{"traversable":true,"collectionSource":["SCCM_Invoke-PostProcessing"]},"end":{"value":"S-1-5-21-3242052782-1287495003-4091326449-1107"},"kind":"LocalAdminRequired","start":{"value":"S-1-5-21-3242052782-1287495003-4091326449-1106"}},
      {"properties":{"traversable":true,"collectionSource":["SCCM_Invoke-PostProcessing"]},"end":{"value":"S-1-5-21-3242052782-1287495003-4091326449-1109"},"kind":"LocalAdminRequired","start":{"value":"S-1-5-21-3242052782-1287495003-4091326449-1112"}},
      {"properties":{"traversable":true,"collectionSource":["SCCM_Invoke-PostProcessing"]},"end":{"value":"S-1-5-21-3242052782-1287495003-4091326449-1109"},"kind":"LocalAdminRequired","start":{"value":"S-1-5-21-3242052782-1287495003-4091326449-1111"}},
      {"properties":{"traversable":true,"collectionSource":["SCCM_Invoke-PostProcessing"]},"end":{"value":"S-1-5-21-3242052782-1287495003-4091326449-1117"},"kind":"LocalAdminRequired","start":{"value":"S-1-5-21-3242052782-1287495003-4091326449-1106"}},
      {"properties":{"traversable":true,"collectionSource":["SCCM_Invoke-PostProcessing"]},"end":{"value":"S-1-5-21-3242052782-1287495003-4091326449-1117"},"kind":"LocalAdminRequired","start":{"value":"S-1-5-21-3242052782-1287495003-4091326449-1112"}},
      {"properties":{"traversable":true,"collectionSource":["SCCM_Invoke-PostProcessing"]},"end":{"value":"S-1-5-21-3242052782-1287495003-4091326449-1117"},"kind":"LocalAdminRequired","start":{"value":"S-1-5-21-3242052782-1287495003-4091326449-1111"}},
      {"properties":{"traversable":true,"collectionSource":["SCCM_Invoke-PostProcessing"]},"end":{"value":"S-1-5-21-3242052782-1287495003-4091326449-1111"},"kind":"LocalAdminRequired","start":{"value":"S-1-5-21-3242052782-1287495003-4091326449-1112"}},
      {"properties":{"traversable":true,"collectionSource":["SCCM_Invoke-PostProcessing"]},"end":{"value":"S-1-5-21-3242052782-1287495003-4091326449-1123"},"kind":"LocalAdminRequired","start":{"value":"S-1-5-21-3242052782-1287495003-4091326449-1112"}},
      {"properties":{"traversable":true,"collectionSource":["SCCM_Invoke-PostProcessing"]},"end":{"value":"S-1-5-21-3242052782-1287495003-4091326449-1112"},"kind":"LocalAdminRequired","start":{"value":"S-1-5-21-3242052782-1287495003-4091326449-1111"}},
      {"properties":{"collectionSource":["SCCM_Invoke-ProcessMssqlNodesAndEdgesForSysadminComputer"],"traversable":true},"end":{"value":"sysadmin@S-1-5-21-3242052782-1287495003-4091326449-1109:1433"},"kind":"MSSQL_MemberOf","start":{"value":"MAYYHEM\\PS1-PSS$@S-1-5-21-3242052782-1287495003-4091326449-1109:1433"}},
      {"properties":{"collectionSource":["SCCM_Invoke-ProcessMssqlNodesAndEdgesForSysadminComputer"],"traversable":true},"end":{"value":"MAYYHEM\\PS1-PSS$@S-1-5-21-3242052782-1287495003-4091326449-1109:1433"},"kind":"MSSQL_Contains","start":{"value":"S-1-5-21-3242052782-1287495003-4091326449-1109:1433"}},
      {"properties":{"collectionSource":["SCCM_Invoke-ProcessMssqlNodesAndEdgesForSysadminComputer"],"traversable":true},"end":{"value":"MAYYHEM\\PS1-PSS$@S-1-5-21-3242052782-1287495003-4091326449-1109:1433"},"kind":"MSSQL_HasLogin","start":{"value":"S-1-5-21-3242052782-1287495003-4091326449-1112"}},
      {"properties":{"collectionSource":["SCCM_Invoke-ProcessMssqlNodesAndEdgesForSysadminComputer"],"traversable":true},"end":{"value":"MAYYHEM\\PS1-PSS$@S-1-5-21-3242052782-1287495003-4091326449-1109:1433\\CM_PS1"},"kind":"MSSQL_IsMappedTo","start":{"value":"MAYYHEM\\PS1-PSS$@S-1-5-21-3242052782-1287495003-4091326449-1109:1433"}},
      {"properties":{"collectionSource":["SCCM_Invoke-ProcessMssqlNodesAndEdgesForSysadminComputer"],"traversable":true},"end":{"value":"db_owner@S-1-5-21-3242052782-1287495003-4091326449-1109:1433\\CM_PS1"},"kind":"MSSQL_MemberOf","start":{"value":"MAYYHEM\\PS1-PSS$@S-1-5-21-3242052782-1287495003-4091326449-1109:1433\\CM_PS1"}},
      {"properties":{"collectionSource":["SCCM_Invoke-ProcessMssqlNodesAndEdgesForSysadminComputer"],"traversable":true},"end":{"value":"MAYYHEM\\PS1-PSS$@S-1-5-21-3242052782-1287495003-4091326449-1109:1433\\CM_PS1"},"kind":"MSSQL_Contains","start":{"value":"S-1-5-21-3242052782-1287495003-4091326449-1109:1433\\CM_PS1"}},
      {"properties":{"traversable":true,"collectionSource":["SCCM_Invoke-PostProcessing"]},"end":{"value":"PS1"},"kind":"SCCM_AssignAllPermissions","start":{"value":"S-1-5-21-3242052782-1287495003-4091326449-1112"}},
      {"properties":{"traversable":true,"collectionSource":["SCCM_Invoke-PostProcessing"]},"end":{"value":"CAS"},"kind":"SCCM_AssignAllPermissions","start":{"value":"S-1-5-21-3242052782-1287495003-4091326449-1112"}},
      {"properties":{"traversable":true,"collectionSource":["SCCM_Invoke-PostProcessing"]},"end":{"value":"S-1-5-21-3242052782-1287495003-4091326449-1112"},"kind":"LocalAdminRequired","start":{"value":"S-1-5-21-3242052782-1287495003-4091326449-1106"}},
      {"properties":{"collectionSource":["SCCM_Invoke-ProcessMssqlNodesAndEdgesForSysadminComputer"],"traversable":true},"end":{"value":"sysadmin@S-1-5-21-3242052782-1287495003-4091326449-1108:1433"},"kind":"MSSQL_MemberOf","start":{"value":"MAYYHEM\\PS1-PSS$@S-1-5-21-3242052782-1287495003-4091326449-1108:1433"}},
      {"properties":{"collectionSource":["SCCM_Invoke-ProcessMssqlNodesAndEdgesForSysadminComputer"],"traversable":true},"end":{"value":"MAYYHEM\\PS1-PSS$@S-1-5-21-3242052782-1287495003-4091326449-1108:1433"},"kind":"MSSQL_Contains","start":{"value":"S-1-5-21-3242052782-1287495003-4091326449-1108:1433"}},
      {"properties":{"collectionSource":["SCCM_Invoke-ProcessMssqlNodesAndEdgesForSysadminComputer"],"traversable":true},"end":{"value":"MAYYHEM\\PS1-PSS$@S-1-5-21-3242052782-1287495003-4091326449-1108:1433"},"kind":"MSSQL_HasLogin","start":{"value":"S-1-5-21-3242052782-1287495003-4091326449-1112"}},
      {"properties":{"collectionSource":["SCCM_Invoke-ProcessMssqlNodesAndEdgesForSysadminComputer"],"traversable":true},"end":{"value":"MAYYHEM\\PS1-PSS$@S-1-5-21-3242052782-1287495003-4091326449-1108:1433\\CM_CAS"},"kind":"MSSQL_IsMappedTo","start":{"value":"MAYYHEM\\PS1-PSS$@S-1-5-21-3242052782-1287495003-4091326449-1108:1433"}},
      {"properties":{"collectionSource":["SCCM_Invoke-ProcessMssqlNodesAndEdgesForSysadminComputer"],"traversable":true},"end":{"value":"db_owner@S-1-5-21-3242052782-1287495003-4091326449-1108:1433\\CM_CAS"},"kind":"MSSQL_MemberOf","start":{"value":"MAYYHEM\\PS1-PSS$@S-1-5-21-3242052782-1287495003-4091326449-1108:1433\\CM_CAS"}},
      {"properties":{"collectionSource":["SCCM_Invoke-ProcessMssqlNodesAndEdgesForSysadminComputer"],"traversable":true},"end":{"value":"MAYYHEM\\PS1-PSS$@S-1-5-21-3242052782-1287495003-4091326449-1108:1433\\CM_CAS"},"kind":"MSSQL_Contains","start":{"value":"S-1-5-21-3242052782-1287495003-4091326449-1108:1433\\CM_CAS"}},
      {"properties":{"traversable":true,"collectionSource":["SCCM_Invoke-PostProcessing"]},"end":{"value":"S-1-5-21-3242052782-1287495003-4091326449-1123"},"kind":"LocalAdminRequired","start":{"value":"S-1-5-21-3242052782-1287495003-4091326449-1111"}},
      {"properties":{"collectionSource":["SCCM_Invoke-ProcessMssqlNodesAndEdgesForSysadminComputer"],"traversable":true},"end":{"value":"sysadmin@S-1-5-21-3242052782-1287495003-4091326449-1109:1433"},"kind":"MSSQL_MemberOf","start":{"value":"MAYYHEM\\PS1-PSV$@S-1-5-21-3242052782-1287495003-4091326449-1109:1433"}},
      {"properties":{"collectionSource":["SCCM_Invoke-ProcessMssqlNodesAndEdgesForSysadminComputer"],"traversable":true},"end":{"value":"MAYYHEM\\PS1-PSV$@S-1-5-21-3242052782-1287495003-4091326449-1109:1433"},"kind":"MSSQL_Contains","start":{"value":"S-1-5-21-3242052782-1287495003-4091326449-1109:1433"}},
      {"properties":{"collectionSource":["SCCM_Invoke-ProcessMssqlNodesAndEdgesForSysadminComputer"],"traversable":true},"end":{"value":"MAYYHEM\\PS1-PSV$@S-1-5-21-3242052782-1287495003-4091326449-1109:1433"},"kind":"MSSQL_HasLogin","start":{"value":"S-1-5-21-3242052782-1287495003-4091326449-1111"}},
      {"properties":{"collectionSource":["SCCM_Invoke-ProcessMssqlNodesAndEdgesForSysadminComputer"],"traversable":true},"end":{"value":"MAYYHEM\\PS1-PSV$@S-1-5-21-3242052782-1287495003-4091326449-1109:1433\\CM_PS1"},"kind":"MSSQL_IsMappedTo","start":{"value":"MAYYHEM\\PS1-PSV$@S-1-5-21-3242052782-1287495003-4091326449-1109:1433"}},
      {"properties":{"collectionSource":["SCCM_Invoke-ProcessMssqlNodesAndEdgesForSysadminComputer"],"traversable":true},"end":{"value":"db_owner@S-1-5-21-3242052782-1287495003-4091326449-1109:1433\\CM_PS1"},"kind":"MSSQL_MemberOf","start":{"value":"MAYYHEM\\PS1-PSV$@S-1-5-21-3242052782-1287495003-4091326449-1109:1433\\CM_PS1"}},
      {"properties":{"collectionSource":["SCCM_Invoke-ProcessMssqlNodesAndEdgesForSysadminComputer"],"traversable":true},"end":{"value":"MAYYHEM\\PS1-PSV$@S-1-5-21-3242052782-1287495003-4091326449-1109:1433\\CM_PS1"},"kind":"MSSQL_Contains","start":{"value":"S-1-5-21-3242052782-1287495003-4091326449-1109:1433\\CM_PS1"}},
      {"properties":{"traversable":true,"collectionSource":["SCCM_Invoke-PostProcessing"]},"end":{"value":"PS1"},"kind":"SCCM_AssignAllPermissions","start":{"value":"S-1-5-21-3242052782-1287495003-4091326449-1111"}},
      {"properties":{"traversable":true,"collectionSource":["SCCM_Invoke-PostProcessing"]},"end":{"value":"CAS"},"kind":"SCCM_AssignAllPermissions","start":{"value":"S-1-5-21-3242052782-1287495003-4091326449-1111"}},
      {"properties":{"traversable":true,"collectionSource":["SCCM_Invoke-PostProcessing"]},"end":{"value":"S-1-5-21-3242052782-1287495003-4091326449-1111"},"kind":"LocalAdminRequired","start":{"value":"S-1-5-21-3242052782-1287495003-4091326449-1106"}},
      {"properties":{"collectionSource":["SCCM_Invoke-ProcessMssqlNodesAndEdgesForSysadminComputer"],"traversable":true},"end":{"value":"sysadmin@S-1-5-21-3242052782-1287495003-4091326449-1108:1433"},"kind":"MSSQL_MemberOf","start":{"value":"MAYYHEM\\PS1-PSV$@S-1-5-21-3242052782-1287495003-4091326449-1108:1433"}},
      {"properties":{"collectionSource":["SCCM_Invoke-ProcessMssqlNodesAndEdgesForSysadminComputer"],"traversable":true},"end":{"value":"MAYYHEM\\PS1-PSV$@S-1-5-21-3242052782-1287495003-4091326449-1108:1433"},"kind":"MSSQL_Contains","start":{"value":"S-1-5-21-3242052782-1287495003-4091326449-1108:1433"}},
      {"properties":{"collectionSource":["SCCM_Invoke-ProcessMssqlNodesAndEdgesForSysadminComputer"],"traversable":true},"end":{"value":"MAYYHEM\\PS1-PSV$@S-1-5-21-3242052782-1287495003-4091326449-1108:1433"},"kind":"MSSQL_HasLogin","start":{"value":"S-1-5-21-3242052782-1287495003-4091326449-1111"}},
      {"properties":{"collectionSource":["SCCM_Invoke-ProcessMssqlNodesAndEdgesForSysadminComputer"],"traversable":true},"end":{"value":"MAYYHEM\\PS1-PSV$@S-1-5-21-3242052782-1287495003-4091326449-1108:1433\\CM_CAS"},"kind":"MSSQL_IsMappedTo","start":{"value":"MAYYHEM\\PS1-PSV$@S-1-5-21-3242052782-1287495003-4091326449-1108:1433"}},
      {"properties":{"collectionSource":["SCCM_Invoke-ProcessMssqlNodesAndEdgesForSysadminComputer"],"traversable":true},"end":{"value":"db_owner@S-1-5-21-3242052782-1287495003-4091326449-1108:1433\\CM_CAS"},"kind":"MSSQL_MemberOf","start":{"value":"MAYYHEM\\PS1-PSV$@S-1-5-21-3242052782-1287495003-4091326449-1108:1433\\CM_CAS"}},
      {"properties":{"collectionSource":["SCCM_Invoke-ProcessMssqlNodesAndEdgesForSysadminComputer"],"traversable":true},"end":{"value":"MAYYHEM\\PS1-PSV$@S-1-5-21-3242052782-1287495003-4091326449-1108:1433\\CM_CAS"},"kind":"MSSQL_Contains","start":{"value":"S-1-5-21-3242052782-1287495003-4091326449-1108:1433\\CM_CAS"}},
      {"properties":{"traversable":true,"collectionSource":["SCCM_Invoke-PostProcessing"]},"end":{"value":"PS1"},"kind":"SCCM_AssignAllPermissions","start":{"value":"S-1-5-21-3242052782-1287495003-4091326449-1123"}},
      {"properties":{"traversable":true,"collectionSource":["SCCM_Invoke-PostProcessing"]},"end":{"value":"CAS"},"kind":"SCCM_AssignAllPermissions","start":{"value":"S-1-5-21-3242052782-1287495003-4091326449-1123"}},
      {"properties":{"traversable":true,"collectionSource":["SCCM_Invoke-PostProcessing"]},"end":{"value":"S-1-5-21-3242052782-1287495003-4091326449-1123"},"kind":"LocalAdminRequired","start":{"value":"S-1-5-21-3242052782-1287495003-4091326449-1106"}},
      {"properties":{"collectionSource":["SCCM_Invoke-ProcessMssqlNodesAndEdgesForSysadminComputer"],"traversable":true},"end":{"value":"sysadmin@S-1-5-21-3242052782-1287495003-4091326449-1108:1433"},"kind":"MSSQL_MemberOf","start":{"value":"MAYYHEM\\PS1-SMS$@S-1-5-21-3242052782-1287495003-4091326449-1108:1433"}},
      {"properties":{"collectionSource":["SCCM_Invoke-ProcessMssqlNodesAndEdgesForSysadminComputer"],"traversable":true},"end":{"value":"MAYYHEM\\PS1-SMS$@S-1-5-21-3242052782-1287495003-4091326449-1108:1433"},"kind":"MSSQL_Contains","start":{"value":"S-1-5-21-3242052782-1287495003-4091326449-1108:1433"}},
      {"properties":{"collectionSource":["SCCM_Invoke-ProcessMssqlNodesAndEdgesForSysadminComputer"],"traversable":true},"end":{"value":"MAYYHEM\\PS1-SMS$@S-1-5-21-3242052782-1287495003-4091326449-1108:1433"},"kind":"MSSQL_HasLogin","start":{"value":"S-1-5-21-3242052782-1287495003-4091326449-1123"}},
      {"properties":{"collectionSource":["SCCM_Invoke-ProcessMssqlNodesAndEdgesForSysadminComputer"],"traversable":true},"end":{"value":"MAYYHEM\\PS1-SMS$@S-1-5-21-3242052782-1287495003-4091326449-1108:1433\\CM_CAS"},"kind":"MSSQL_IsMappedTo","start":{"value":"MAYYHEM\\PS1-SMS$@S-1-5-21-3242052782-1287495003-4091326449-1108:1433"}},
      {"properties":{"collectionSource":["SCCM_Invoke-ProcessMssqlNodesAndEdgesForSysadminComputer"],"traversable":true},"end":{"value":"db_owner@S-1-5-21-3242052782-1287495003-4091326449-1108:1433\\CM_CAS"},"kind":"MSSQL_MemberOf","start":{"value":"MAYYHEM\\PS1-SMS$@S-1-5-21-3242052782-1287495003-4091326449-1108:1433\\CM_CAS"}},
      {"properties":{"collectionSource":["SCCM_Invoke-ProcessMssqlNodesAndEdgesForSysadminComputer"],"traversable":true},"end":{"value":"MAYYHEM\\PS1-SMS$@S-1-5-21-3242052782-1287495003-4091326449-1108:1433\\CM_CAS"},"kind":"MSSQL_Contains","start":{"value":"S-1-5-21-3242052782-1287495003-4091326449-1108:1433\\CM_CAS"}},
      {"properties":{"collectionSource":["SCCM_Invoke-ProcessMssqlNodesAndEdgesForSysadminComputer"],"traversable":true},"end":{"value":"sysadmin@S-1-5-21-3242052782-1287495003-4091326449-1108:1433"},"kind":"MSSQL_MemberOf","start":{"value":"MAYYHEM\\CAS-PSS$@S-1-5-21-3242052782-1287495003-4091326449-1108:1433"}},
      {"properties":{"collectionSource":["SCCM_Invoke-ProcessMssqlNodesAndEdgesForSysadminComputer"],"traversable":true},"end":{"value":"MAYYHEM\\CAS-PSS$@S-1-5-21-3242052782-1287495003-4091326449-1108:1433"},"kind":"MSSQL_Contains","start":{"value":"S-1-5-21-3242052782-1287495003-4091326449-1108:1433"}},
      {"properties":{"collectionSource":["SCCM_Invoke-ProcessMssqlNodesAndEdgesForSysadminComputer"],"traversable":true},"end":{"value":"MAYYHEM\\CAS-PSS$@S-1-5-21-3242052782-1287495003-4091326449-1108:1433"},"kind":"MSSQL_HasLogin","start":{"value":"S-1-5-21-3242052782-1287495003-4091326449-1106"}},
      {"properties":{"collectionSource":["SCCM_Invoke-ProcessMssqlNodesAndEdgesForSysadminComputer"],"traversable":true},"end":{"value":"MAYYHEM\\CAS-PSS$@S-1-5-21-3242052782-1287495003-4091326449-1108:1433\\CM_CAS"},"kind":"MSSQL_IsMappedTo","start":{"value":"MAYYHEM\\CAS-PSS$@S-1-5-21-3242052782-1287495003-4091326449-1108:1433"}},
      {"properties":{"collectionSource":["SCCM_Invoke-ProcessMssqlNodesAndEdgesForSysadminComputer"],"traversable":true},"end":{"value":"db_owner@S-1-5-21-3242052782-1287495003-4091326449-1108:1433\\CM_CAS"},"kind":"MSSQL_MemberOf","start":{"value":"MAYYHEM\\CAS-PSS$@S-1-5-21-3242052782-1287495003-4091326449-1108:1433\\CM_CAS"}},
      {"properties":{"collectionSource":["SCCM_Invoke-ProcessMssqlNodesAndEdgesForSysadminComputer"],"traversable":true},"end":{"value":"MAYYHEM\\CAS-PSS$@S-1-5-21-3242052782-1287495003-4091326449-1108:1433\\CM_CAS"},"kind":"MSSQL_Contains","start":{"value":"S-1-5-21-3242052782-1287495003-4091326449-1108:1433\\CM_CAS"}},
      {"properties":{"collectionSource":["SCCM_Invoke-PostProcessing"],"traversable":true},"end":{"value":"CAS"},"kind":"SCCM_AssignAllPermissions","start":{"value":"S-1-5-21-3242052782-1287495003-4091326449-1106"}},
      {"properties":{"collectionSource":["SCCM_Invoke-PostProcessing"],"traversable":true},"end":{"value":"PS1"},"kind":"SCCM_AssignAllPermissions","start":{"value":"S-1-5-21-3242052782-1287495003-4091326449-1106"}},
      {"properties":{"traversable":true,"coercionVictimAndRelayTargetPairs":["Coerce ps1-psv.mayyhem.com, relay to ps1-db.mayyhem.com:1433"],"collectionSource":["RemoteRegistry-MultisiteComponentServers","MSSQL-ScanForEPA"]},"end":{"value":"MAYYHEM\\PS1-PSV$@S-1-5-21-3242052782-1287495003-4091326449-1109:1433"},"kind":"CoerceAndRelayToMSSQL","start":{"value":"MAYYHEM.COM-S-1-5-11"}},
      {"properties":{"traversable":true,"coercionVictimAndRelayTargetPairs":["Coerce ps1-pss.mayyhem.com, relay to ps1-db.mayyhem.com:1433"],"collectionSource":["RemoteRegistry-MultisiteComponentServers","MSSQL-ScanForEPA"]},"end":{"value":"MAYYHEM\\PS1-PSS$@S-1-5-21-3242052782-1287495003-4091326449-1109:1433"},"kind":"CoerceAndRelayToMSSQL","start":{"value":"MAYYHEM.COM-S-1-5-11"}},
      {"properties":{"traversable":false,"coercionVictimHostnames":["ps1-psv.mayyhem.com","ps1-pss.mayyhem.com"],"collectionSource":["SMB-Negotiate"]},"end":{"value":"S-1-5-21-3242052782-1287495003-4091326449-1109"},"kind":"CoerceAndRelayToSMB","start":{"value":"MAYYHEM.COM-S-1-5-11"}},
      {"properties":{"traversable":false,"coercionVictimHostnames":["ps1-psv.mayyhem.com","ps1-pss.mayyhem.com","cas-pss.mayyhem.com"],"collectionSource":["SMB-Negotiate"]},"end":{"value":"S-1-5-21-3242052782-1287495003-4091326449-1117"},"kind":"CoerceAndRelayToSMB","start":{"value":"MAYYHEM.COM-S-1-5-11"}},
      {"properties":{"traversable":false,"coercionVictimHostnames":["ps1-psv.mayyhem.com","cas-pss.mayyhem.com"],"collectionSource":["SMB-Negotiate"]},"end":{"value":"S-1-5-21-3242052782-1287495003-4091326449-1112"},"kind":"CoerceAndRelayToSMB","start":{"value":"MAYYHEM.COM-S-1-5-11"}},
      {"properties":{"traversable":false,"coercionVictimHostnames":["ps1-pss.mayyhem.com","cas-pss.mayyhem.com"],"collectionSource":["SMB-Negotiate"]},"end":{"value":"S-1-5-21-3242052782-1287495003-4091326449-1111"},"kind":"CoerceAndRelayToSMB","start":{"value":"MAYYHEM.COM-S-1-5-11"}},
      {"properties":{"traversable":false,"coercionVictimHostnames":["ps1-psv.mayyhem.com","ps1-pss.mayyhem.com","cas-pss.mayyhem.com"],"collectionSource":["SMB-Negotiate"]},"end":{"value":"S-1-5-21-3242052782-1287495003-4091326449-1123"},"kind":"CoerceAndRelayToSMB","start":{"value":"MAYYHEM.COM-S-1-5-11"}},
      {"properties":{"traversable":true,"coercionVictimAndRelayTargetPairs":["Coerce cas-pss.mayyhem.com, relay to ps1-pss.mayyhem.com","Coerce cas-pss.mayyhem.com, relay to ps1-psv.mayyhem.com","Coerce cas-pss.mayyhem.com, relay to ps1-sms.mayyhem.com"],"collectionSource":["Post-processing"]},"end":{"value":"CAS"},"kind":"CoerceAndRelayToAdminService","start":{"value":"MAYYHEM.COM-S-1-5-11"}},
      {"properties":{"traversable":true,"coercionVictimAndRelayTargetPairs":["Coerce cas-pss.mayyhem.com, relay to cas-db.mayyhem.com:1433"],"collectionSource":["RemoteRegistry-MultisiteComponentServers","MSSQL-ScanForEPA"]},"end":{"value":"MAYYHEM\\CAS-PSS$@S-1-5-21-3242052782-1287495003-4091326449-1108:1433"},"kind":"CoerceAndRelayToMSSQL","start":{"value":"MAYYHEM.COM-S-1-5-11"}},
      {"properties":{"traversable":true,"coercionVictimAndRelayTargetPairs":["Coerce ps1-psv.mayyhem.com, relay to cas-db.mayyhem.com:1433"],"collectionSource":["RemoteRegistry-MultisiteComponentServers","MSSQL-ScanForEPA"]},"end":{"value":"MAYYHEM\\PS1-PSV$@S-1-5-21-3242052782-1287495003-4091326449-1108:1433"},"kind":"CoerceAndRelayToMSSQL","start":{"value":"MAYYHEM.COM-S-1-5-11"}},
      {"properties":{"traversable":true,"coercionVictimAndRelayTargetPairs":["Coerce ps1-pss.mayyhem.com, relay to cas-db.mayyhem.com:1433"],"collectionSource":["RemoteRegistry-MultisiteComponentServers","MSSQL-ScanForEPA"]},"end":{"value":"MAYYHEM\\PS1-PSS$@S-1-5-21-3242052782-1287495003-4091326449-1108:1433"},"kind":"CoerceAndRelayToMSSQL","start":{"value":"MAYYHEM.COM-S-1-5-11"}},
      {"properties":{"traversable":true,"coercionVictimAndRelayTargetPairs":["Coerce ps1-sms.mayyhem.com, relay to cas-db.mayyhem.com:1433"],"collectionSource":["RemoteRegistry-MultisiteComponentServers","MSSQL-ScanForEPA"]},"end":{"value":"MAYYHEM\\PS1-SMS$@S-1-5-21-3242052782-1287495003-4091326449-1108:1433"},"kind":"CoerceAndRelayToMSSQL","start":{"value":"MAYYHEM.COM-S-1-5-11"}},
      {"properties":{"traversable":false,"coercionVictimHostnames":["cas-pss.mayyhem.com"],"collectionSource":["SMB-Negotiate"]},"end":{"value":"S-1-5-21-3242052782-1287495003-4091326449-1108"},"kind":"CoerceAndRelayToSMB","start":{"value":"MAYYHEM.COM-S-1-5-11"}},
      {"properties":{"traversable":false,"coercionVictimHostnames":["cas-pss.mayyhem.com"],"collectionSource":["SMB-Negotiate"]},"end":{"value":"S-1-5-21-3242052782-1287495003-4091326449-1107"},"kind":"CoerceAndRelayToSMB","start":{"value":"MAYYHEM.COM-S-1-5-11"}}
    ]
  }
}
