{"data":[{"Properties":{"domain":"MAYYHEM.COM","name":"MAYYHEM-CA@MAYYHEM.COM","distinguishedname":"CN=MAYYHEM-CA,CN=ENROLLMENT SERVICES,CN=PUBLIC KEY SERVICES,CN=SERVICES,CN=CONFIGURATION,DC=MAYYHEM,DC=COM","domainsid":"S-1-5-21-3242052782-1287495003-4091326449","doesanyacegrantownerrights":false,"doesanyinheritedacegrantownerrights":false,"isaclprotected":false,"whencreated":1764106469,"flags":"SUPPORTS_NT_AUTHENTICATION, CA_SERVERTYPE_ADVANCED","caname":"mayyhem-CA","dnshostname":"dc.mayyhem.com","certthumbprint":"E2E528BCBF4D24FC76ECE9CFF664421CF7DC6118","certname":"E2E528BCBF4D24FC76ECE9CFF664421CF7DC6118","certchain":["E2E528BCBF4D24FC76ECE9CFF664421CF7DC6118"],"hasbasicconstraints":false,"basicconstraintpathlength":0,"unresolvedpublishedtemplates":[]},"HostingComputer":"S-1-5-21-3242052782-1287495003-4091326449-1001","CARegistryData":null,"EnabledCertTemplates":[{"ObjectIdentifier":"B34CE69C-1016-4499-BF30-5463B5052DF5","ObjectType":"CertTemplate"},{"ObjectIdentifier":"14C0B61A-3804-4E78-BAB8-7C9081B32E92","ObjectType":"CertTemplate"},{"ObjectIdentifier":"86033068-6D53-46EB-8EFD-24360D0C0773","ObjectType":"CertTemplate"},{"ObjectIdentifier":"9D4FB650-EE3F-4EA9-A4D7-21EF2DC18DBF","ObjectType":"CertTemplate"},{"ObjectIdentifier":"C21A8B97-5A9F-42B1-8A5A-695B7F601A19","ObjectType":"CertTemplate"},{"ObjectIdentifier":"80961DB0-FED6-4D05-B7EC-8CFABAF6F0B6","ObjectType":"CertTemplate"},{"ObjectIdentifier":"AC6B3D1C-BFB8-426D-9747-F6CCE8DA42E0","ObjectType":"CertTemplate"},{"ObjectIdentifier":"6F85FEF8-4471-4222-8125-4808FCD361AA","ObjectType":"CertTemplate"},{"ObjectIdentifier":"6C143BDA-9781-43DC-AD8F-46DCEBE55733","ObjectType":"CertTemplate"},{"ObjectIdentifier":"219D3EA0-8CCB-4F27-80F7-5BAA4D56726E","ObjectType":"CertTemplate"},{"ObjectIdentifier":"C6BB96A2-3841-4355-B32C-59CCBB716F7C","ObjectType":"CertTemplate"}],"HttpEnrollmentEndpoints":[{"Result":{"Url":"http://dc.mayyhem.com/certsrv/","Type":"WebEnrollmentApplication","Status":"Vulnerable_NtlmHttpEndpoint","ADCSWebEnrollmentHTTP":true,"ADCSWebEnrollmentHTTPS":false,"ADCSWebEnrollmentEPA":false},"Collected":true,"FailureReason":null},{"Result":{"Url":"https://dc.mayyhem.com/certsrv/","Type":"WebEnrollmentApplication","Status":"Vulnerable_NtlmHttpsNoChannelBinding","ADCSWebEnrollmentHTTP":false,"ADCSWebEnrollmentHTTPS":true,"ADCSWebEnrollmentEPA":false},"Collected":true,"FailureReason":null},{"Result":{"Url":"http://dc.mayyhem.com/mayyhem-CA_CES_Kerberos/service.svc","Type":"EnrollmentWebService","Status":"NotVulnerable_PathForbidden","ADCSWebEnrollmentHTTP":false,"ADCSWebEnrollmentHTTPS":false,"ADCSWebEnrollmentEPA":false},"Collected":true,"FailureReason":null},{"Result":{"Url":"https://dc.mayyhem.com/mayyhem-CA_CES_Kerberos/service.svc","Type":"EnrollmentWebService","Status":"Vulnerable_NtlmHttpsNoChannelBinding","ADCSWebEnrollmentHTTP":false,"ADCSWebEnrollmentHTTPS":true,"ADCSWebEnrollmentEPA":false},"Collected":true,"FailureReason":null}],"Aces":[{"PrincipalSID":"S-1-5-21-3242052782-1287495003-4091326449-519","PrincipalType":"Group","RightName":"Owns","IsInherited":false,"InheritanceHash":"","IsPermissionForOwnerRightsSid":false,"IsInheritedPermissionForOwnerRightsSid":false},{"PrincipalSID":"S-1-5-21-3242052782-1287495003-4091326449-519","PrincipalType":"Group","RightName":"WriteDacl","IsInherited":false,"InheritanceHash":"","IsPermissionForOwnerRightsSid":false,"IsInheritedPermissionForOwnerRightsSid":false},{"PrincipalSID":"S-1-5-21-3242052782-1287495003-4091326449-519","PrincipalType":"Group","RightName":"WriteOwner","IsInherited":false,"InheritanceHash":"","IsPermissionForOwnerRightsSid":false,"IsInheritedPermissionForOwnerRightsSid":false},{"PrincipalSID":"S-1-5-21-3242052782-1287495003-4091326449-519","PrincipalType":"Group","RightName":"GenericWrite","IsInherited":false,"InheritanceHash":"","IsPermissionForOwnerRightsSid":false,"IsInheritedPermissionForOwnerRightsSid":false},{"PrincipalSID":"S-1-5-21-3242052782-1287495003-4091326449-519","PrincipalType":"Group","RightName":"ManageCA","IsInherited":false,"InheritanceHash":"","IsPermissionForOwnerRightsSid":false,"IsInheritedPermissionForOwnerRightsSid":false},{"PrincipalSID":"S-1-5-21-3242052782-1287495003-4091326449-519","PrincipalType":"Group","RightName":"ManageCertificates","IsInherited":false,"InheritanceHash":"","IsPermissionForOwnerRightsSid":false,"IsInheritedPermissionForOwnerRightsSid":false},{"PrincipalSID":"S-1-5-21-3242052782-1287495003-4091326449-1001","PrincipalType":"Computer","RightName":"WriteDacl","IsInherited":false,"InheritanceHash":"","IsPermissionForOwnerRightsSid":false,"IsInheritedPermissionForOwnerRightsSid":false},{"PrincipalSID":"S-1-5-21-3242052782-1287495003-4091326449-1001","PrincipalType":"Computer","RightName":"WriteOwner","IsInherited":false,"InheritanceHash":"","IsPermissionForOwnerRightsSid":false,"IsInheritedPermissionForOwnerRightsSid":false},{"PrincipalSID":"S-1-5-21-3242052782-1287495003-4091326449-1001","PrincipalType":"Computer","RightName":"GenericWrite","IsInherited":false,"InheritanceHash":"","IsPermissionForOwnerRightsSid":false,"IsInheritedPermissionForOwnerRightsSid":false},{"PrincipalSID":"S-1-5-21-3242052782-1287495003-4091326449-1001","PrincipalType":"Computer","RightName":"ManageCA","IsInherited":false,"InheritanceHash":"","IsPermissionForOwnerRightsSid":false,"IsInheritedPermissionForOwnerRightsSid":false},{"PrincipalSID":"S-1-5-21-3242052782-1287495003-4091326449-1001","PrincipalType":"Computer","RightName":"ManageCertificates","IsInherited":false,"InheritanceHash":"","IsPermissionForOwnerRightsSid":false,"IsInheritedPermissionForOwnerRightsSid":false},{"PrincipalSID":"MAYYHEM.COM-S-1-5-11","PrincipalType":"Group","RightName":"Enroll","IsInherited":false,"InheritanceHash":"","IsPermissionForOwnerRightsSid":false,"IsInheritedPermissionForOwnerRightsSid":false},{"PrincipalSID":"S-1-5-21-3242052782-1287495003-4091326449-519","PrincipalType":"Group","RightName":"GenericAll","IsInherited":true,"InheritanceHash":"FE8E26E5E25C8F7C165F024E4C4A5F15FEC07E97","IsPermissionForOwnerRightsSid":false,"IsInheritedPermissionForOwnerRightsSid":false},{"PrincipalSID":"S-1-5-21-3242052782-1287495003-4091326449-512","PrincipalType":"Group","RightName":"WriteDacl","IsInherited":true,"InheritanceHash":"53906C5BF9C8E1C7D8706DA91C698617FDF142CC","IsPermissionForOwnerRightsSid":false,"IsInheritedPermissionForOwnerRightsSid":false},{"PrincipalSID":"S-1-5-21-3242052782-1287495003-4091326449-512","PrincipalType":"Group","RightName":"WriteOwner","IsInherited":true,"InheritanceHash":"53906C5BF9C8E1C7D8706DA91C698617FDF142CC","IsPermissionForOwnerRightsSid":false,"IsInheritedPermissionForOwnerRightsSid":false},{"PrincipalSID":"S-1-5-21-3242052782-1287495003-4091326449-512","PrincipalType":"Group","RightName":"GenericWrite","IsInherited":true,"InheritanceHash":"53906C5BF9C8E1C7D8706DA91C698617FDF142CC","IsPermissionForOwnerRightsSid":false,"IsInheritedPermissionForOwnerRightsSid":false},{"PrincipalSID":"S-1-5-21-3242052782-1287495003-4091326449-512","PrincipalType":"Group","RightName":"ManageCA","IsInherited":true,"InheritanceHash":"53906C5BF9C8E1C7D8706DA91C698617FDF142CC","IsPermissionForOwnerRightsSid":false,"IsInheritedPermissionForOwnerRightsSid":false}],"ObjectIdentifier":"0670B2AB-2EEB-4043-A6D4-0BDE26078894","IsDeleted":false,"IsACLProtected":false,"ContainedBy":{"ObjectIdentifier":"777069A6-2E95-4734-B509-0906A68BAE23","ObjectType":"Container"}}],"meta":{"methods":7107563,"type":"enterprisecas","count":1,"version":6,"collectorversion":"2.8.1.0"}}