{"data":[{"Properties":{"domain":"MAYYHEM.COM","name":"MAYYHEM-CA@MAYYHEM.COM","distinguishedname":"CN=MAYYHEM-CA,CN=AIA,CN=PUBLIC KEY SERVICES,CN=SERVICES,CN=CONFIGURATION,DC=MAYYHEM,DC=COM","domainsid":"S-1-5-21-3242052782-1287495003-4091326449","doesanyacegrantownerrights":false,"doesanyinheritedacegrantownerrights":false,"isaclprotected":false,"whencreated":1764106469,"crosscertificatepair":[],"hascrosscertificatepair":false,"certthumbprint":"E2E528BCBF4D24FC76ECE9CFF664421CF7DC6118","certname":"E2E528BCBF4D24FC76ECE9CFF664421CF7DC6118","certchain":["E2E528BCBF4D24FC76ECE9CFF664421CF7DC6118"],"hasbasicconstraints":false,"basicconstraintpathlength":0},"Aces":[{"PrincipalSID":"S-1-5-21-3242052782-1287495003-4091326449-519","PrincipalType":"Group","RightName":"Owns","IsInherited":false,"InheritanceHash":"","IsPermissionForOwnerRightsSid":false,"IsInheritedPermissionForOwnerRightsSid":false},{"PrincipalSID":"MAYYHEM.COM-S-1-5-32-544","PrincipalType":"Group","RightName":"GenericAll","IsInherited":false,"InheritanceHash":"","IsPermissionForOwnerRightsSid":false,"IsInheritedPermissionForOwnerRightsSid":false},{"PrincipalSID":"S-1-5-21-3242052782-1287495003-4091326449-512","PrincipalType":"Group","RightName":"GenericAll","IsInherited":false,"InheritanceHash":"","IsPermissionForOwnerRightsSid":false,"IsInheritedPermissionForOwnerRightsSid":false},{"PrincipalSID":"S-1-5-21-3242052782-1287495003-4091326449-519","PrincipalType":"Group","RightName":"GenericAll","IsInherited":false,"InheritanceHash":"","IsPermissionForOwnerRightsSid":false,"IsInheritedPermissionForOwnerRightsSid":false},{"PrincipalSID":"S-1-5-21-3242052782-1287495003-4091326449-1001","PrincipalType":"Computer","RightName":"GenericAll","IsInherited":false,"InheritanceHash":"","IsPermissionForOwnerRightsSid":false,"IsInheritedPermissionForOwnerRightsSid":false},{"PrincipalSID":"S-1-5-21-3242052782-1287495003-4091326449-519","PrincipalType":"Group","RightName":"GenericAll","IsInherited":true,"InheritanceHash":"FE8E26E5E25C8F7C165F024E4C4A5F15FEC07E97","IsPermissionForOwnerRightsSid":false,"IsInheritedPermissionForOwnerRightsSid":false},{"PrincipalSID":"S-1-5-21-3242052782-1287495003-4091326449-512","PrincipalType":"Group","RightName":"WriteDacl","IsInherited":true,"InheritanceHash":"53906C5BF9C8E1C7D8706DA91C698617FDF142CC","IsPermissionForOwnerRightsSid":false,"IsInheritedPermissionForOwnerRightsSid":false},{"PrincipalSID":"S-1-5-21-3242052782-1287495003-4091326449-512","PrincipalType":"Group","RightName":"WriteOwner","IsInherited":true,"InheritanceHash":"53906C5BF9C8E1C7D8706DA91C698617FDF142CC","IsPermissionForOwnerRightsSid":false,"IsInheritedPermissionForOwnerRightsSid":false},{"PrincipalSID":"S-1-5-21-3242052782-1287495003-4091326449-512","PrincipalType":"Group","RightName":"GenericWrite","IsInherited":true,"InheritanceHash":"53906C5BF9C8E1C7D8706DA91C698617FDF142CC","IsPermissionForOwnerRightsSid":false,"IsInheritedPermissionForOwnerRightsSid":false}],"ObjectIdentifier":"03FF4B7C-AE2A-4FE8-9952-16B920525094","IsDeleted":false,"IsACLProtected":false,"ContainedBy":{"ObjectIdentifier":"68A9445C-E95B-4F4C-9DF1-2B4B9D8F5E3F","ObjectType":"Container"}}],"meta":{"methods":7107563,"type":"aiacas","count":1,"version":6,"collectorversion":"2.8.1.0"}}